Mutation,Pool ID,N,Pool
S982A,0,804.0,Conv_Delta
V213G,0,804.0,Conv_Delta
A701V,0,804.0,Conv_Delta
P26S,0,804.0,Conv_Delta
G339H,0,804.0,Conv_Delta
T19I,0,804.0,Conv_Delta
G446S,0,804.0,Conv_Delta
N211del,0,804.0,Conv_Delta
T19R,0,804.0,Conv_Delta
F486V,0,804.0,Conv_Delta
G339D,0,804.0,Conv_Delta
T1027I,0,804.0,Conv_Delta
D405N,0,804.0,Conv_Delta
S494R,0,804.0,Conv_Delta
Y144del,0,804.0,Conv_Delta
S704L,0,804.0,Conv_Delta
P681H,0,804.0,Conv_Delta
L368I,0,804.0,Conv_Delta
M153S,0,804.0,Conv_Delta
A67V,0,804.0,Conv_Delta
R346K,0,804.0,Conv_Delta
S477N,0,804.0,Conv_Delta
G496S,0,804.0,Conv_Delta
N501Y,0,804.0,Conv_Delta
T76I,0,804.0,Conv_Delta
N460K,0,804.0,Conv_Delta
E484A,0,804.0,Conv_Delta
D796Y,0,804.0,Conv_Delta
L452R,0,804.0,Conv_Delta
S155R,0,804.0,Conv_Delta
Rins214EPE,0,804.0,Conv_Delta
Y145del,0,804.0,Conv_Delta
V70del,0,804.0,Conv_Delta
L241del,0,804.0,Conv_Delta
K147E,0,804.0,Conv_Delta
T716I,0,804.0,Conv_Delta
D950N,0,804.0,Conv_Delta
Q183V,0,804.0,Conv_Delta
F157del,0,804.0,Conv_Delta
Q183E,0,804.0,Conv_Delta
N481T,0,804.0,Conv_Delta
K417N,0,804.0,Conv_Delta
N764K,0,804.0,Conv_Delta
F486P,0,804.0,Conv_Delta
Q498Y,0,804.0,Conv_Delta
L452Q,0,804.0,Conv_Delta
N440K,0,804.0,Conv_Delta
L18F,0,804.0,Conv_Delta
G252V,0,804.0,Conv_Delta
P25del,0,804.0,Conv_Delta
K529L,0,804.0,Conv_Delta
S373P,0,804.0,Conv_Delta
T20N,0,804.0,Conv_Delta
L212I,0,804.0,Conv_Delta
S375F,0,804.0,Conv_Delta
L24del,0,804.0,Conv_Delta
Y505H,0,804.0,Conv_Delta
V445E,0,804.0,Conv_Delta
H655Y,0,804.0,Conv_Delta
T478K,0,804.0,Conv_Delta
G257S,0,804.0,Conv_Delta
G142D,0,804.0,Conv_Delta
A27L,0,804.0,Conv_Delta
H146Q,0,804.0,Conv_Delta
A27S,0,804.0,Conv_Delta
N969K,0,804.0,Conv_Delta
R408S,0,804.0,Conv_Delta
V83A,0,804.0,Conv_Delta
S371L,0,804.0,Conv_Delta
K444T,0,804.0,Conv_Delta
F490R,0,804.0,Conv_Delta
N679K,0,804.0,Conv_Delta
T547K,0,804.0,Conv_Delta
R346T,0,804.0,Conv_Delta
P26del,0,804.0,Conv_Delta
E484K,0,804.0,Conv_Delta
Q954H,0,804.0,Conv_Delta
A570D,0,804.0,Conv_Delta
V445P,0,804.0,Conv_Delta
K147N,0,804.0,Conv_Delta
N856K,0,804.0,Conv_Delta
I210V,0,804.0,Conv_Delta
F157L,0,804.0,Conv_Delta
V213E,0,804.0,Conv_Delta
L981F,0,804.0,Conv_Delta
P681R,0,804.0,Conv_Delta
Q498R,0,804.0,Conv_Delta
F490S,0,804.0,Conv_Delta
K417T,0,804.0,Conv_Delta
T376A,0,804.0,Conv_Delta
Q493R,0,804.0,Conv_Delta
R190S,0,804.0,Conv_Delta
S371F,0,804.0,Conv_Delta
K417V,0,804.0,Conv_Delta
Y473F,0,804.0,Conv_Delta
D138Y,0,804.0,Conv_Delta
A243del,0,804.0,Conv_Delta
F486S,0,804.0,Conv_Delta
Q493K,0,804.0,Conv_Delta
L242del,0,804.0,Conv_Delta
Q493S,0,804.0,Conv_Delta
D215G,0,804.0,Conv_Delta
E156G,0,804.0,Conv_Delta
D80A,0,804.0,Conv_Delta
H69del,0,804.0,Conv_Delta
W152R,0,804.0,Conv_Delta
D1118H,0,804.0,Conv_Delta
V143del,0,804.0,Conv_Delta
R158del,0,804.0,Conv_Delta
T95I,0,804.0,Conv_Delta
S982A,1,21.0,Conv_WT
V213G,1,21.0,Conv_WT
A701V,1,21.0,Conv_WT
P26S,1,21.0,Conv_WT
G339H,1,21.0,Conv_WT
T19I,1,21.0,Conv_WT
G446S,1,21.0,Conv_WT
N211del,1,21.0,Conv_WT
T19R,1,21.0,Conv_WT
F486V,1,21.0,Conv_WT
G339D,1,21.0,Conv_WT
T1027I,1,21.0,Conv_WT
D405N,1,21.0,Conv_WT
S494R,1,21.0,Conv_WT
Y144del,1,21.0,Conv_WT
S704L,1,21.0,Conv_WT
P681H,1,21.0,Conv_WT
L368I,1,21.0,Conv_WT
M153S,1,21.0,Conv_WT
A67V,1,21.0,Conv_WT
R346K,1,21.0,Conv_WT
S477N,1,21.0,Conv_WT
G496S,1,21.0,Conv_WT
N501Y,1,21.0,Conv_WT
T76I,1,21.0,Conv_WT
N460K,1,21.0,Conv_WT
E484A,1,21.0,Conv_WT
D796Y,1,21.0,Conv_WT
L452R,1,21.0,Conv_WT
S155R,1,21.0,Conv_WT
Rins214EPE,1,21.0,Conv_WT
Y145del,1,21.0,Conv_WT
V70del,1,21.0,Conv_WT
L241del,1,21.0,Conv_WT
K147E,1,21.0,Conv_WT
T716I,1,21.0,Conv_WT
D950N,1,21.0,Conv_WT
Q183V,1,21.0,Conv_WT
F157del,1,21.0,Conv_WT
Q183E,1,21.0,Conv_WT
N481T,1,21.0,Conv_WT
K417N,1,21.0,Conv_WT
N764K,1,21.0,Conv_WT
F486P,1,21.0,Conv_WT
Q498Y,1,21.0,Conv_WT
L452Q,1,21.0,Conv_WT
N440K,1,21.0,Conv_WT
L18F,1,21.0,Conv_WT
G252V,1,21.0,Conv_WT
P25del,1,21.0,Conv_WT
K529L,1,21.0,Conv_WT
S373P,1,21.0,Conv_WT
T20N,1,21.0,Conv_WT
L212I,1,21.0,Conv_WT
S375F,1,21.0,Conv_WT
L24del,1,21.0,Conv_WT
Y505H,1,21.0,Conv_WT
V445E,1,21.0,Conv_WT
H655Y,1,21.0,Conv_WT
T478K,1,21.0,Conv_WT
G257S,1,21.0,Conv_WT
G142D,1,21.0,Conv_WT
A27L,1,21.0,Conv_WT
H146Q,1,21.0,Conv_WT
A27S,1,21.0,Conv_WT
N969K,1,21.0,Conv_WT
R408S,1,21.0,Conv_WT
V83A,1,21.0,Conv_WT
S371L,1,21.0,Conv_WT
K444T,1,21.0,Conv_WT
F490R,1,21.0,Conv_WT
N679K,1,21.0,Conv_WT
T547K,1,21.0,Conv_WT
R346T,1,21.0,Conv_WT
P26del,1,21.0,Conv_WT
E484K,1,21.0,Conv_WT
Q954H,1,21.0,Conv_WT
A570D,1,21.0,Conv_WT
V445P,1,21.0,Conv_WT
K147N,1,21.0,Conv_WT
N856K,1,21.0,Conv_WT
I210V,1,21.0,Conv_WT
F157L,1,21.0,Conv_WT
V213E,1,21.0,Conv_WT
L981F,1,21.0,Conv_WT
P681R,1,21.0,Conv_WT
Q498R,1,21.0,Conv_WT
F490S,1,21.0,Conv_WT
K417T,1,21.0,Conv_WT
T376A,1,21.0,Conv_WT
Q493R,1,21.0,Conv_WT
R190S,1,21.0,Conv_WT
S371F,1,21.0,Conv_WT
K417V,1,21.0,Conv_WT
Y473F,1,21.0,Conv_WT
D138Y,1,21.0,Conv_WT
A243del,1,21.0,Conv_WT
F486S,1,21.0,Conv_WT
Q493K,1,21.0,Conv_WT
L242del,1,21.0,Conv_WT
Q493S,1,21.0,Conv_WT
D215G,1,21.0,Conv_WT
E156G,1,21.0,Conv_WT
D80A,1,21.0,Conv_WT
H69del,1,21.0,Conv_WT
W152R,1,21.0,Conv_WT
D1118H,1,21.0,Conv_WT
V143del,1,21.0,Conv_WT
R158del,1,21.0,Conv_WT
T95I,1,21.0,Conv_WT
S982A,2,1297.0,Vac_Mod
V213G,2,1297.0,Vac_Mod
A701V,2,1297.0,Vac_Mod
P26S,2,1297.0,Vac_Mod
G339H,2,1297.0,Vac_Mod
T19I,2,1297.0,Vac_Mod
G446S,2,1297.0,Vac_Mod
N211del,2,1297.0,Vac_Mod
T19R,2,1297.0,Vac_Mod
F486V,2,1297.0,Vac_Mod
G339D,2,1297.0,Vac_Mod
T1027I,2,1297.0,Vac_Mod
D405N,2,1297.0,Vac_Mod
S494R,2,1297.0,Vac_Mod
Y144del,2,1297.0,Vac_Mod
S704L,2,1297.0,Vac_Mod
P681H,2,1297.0,Vac_Mod
L368I,2,1297.0,Vac_Mod
M153S,2,1297.0,Vac_Mod
A67V,2,1297.0,Vac_Mod
R346K,2,1297.0,Vac_Mod
S477N,2,1297.0,Vac_Mod
G496S,2,1297.0,Vac_Mod
N501Y,2,1297.0,Vac_Mod
T76I,2,1297.0,Vac_Mod
N460K,2,1297.0,Vac_Mod
E484A,2,1297.0,Vac_Mod
D796Y,2,1297.0,Vac_Mod
L452R,2,1297.0,Vac_Mod
S155R,2,1297.0,Vac_Mod
Rins214EPE,2,1297.0,Vac_Mod
Y145del,2,1297.0,Vac_Mod
V70del,2,1297.0,Vac_Mod
L241del,2,1297.0,Vac_Mod
K147E,2,1297.0,Vac_Mod
T716I,2,1297.0,Vac_Mod
D950N,2,1297.0,Vac_Mod
Q183V,2,1297.0,Vac_Mod
F157del,2,1297.0,Vac_Mod
Q183E,2,1297.0,Vac_Mod
N481T,2,1297.0,Vac_Mod
K417N,2,1297.0,Vac_Mod
N764K,2,1297.0,Vac_Mod
F486P,2,1297.0,Vac_Mod
Q498Y,2,1297.0,Vac_Mod
L452Q,2,1297.0,Vac_Mod
N440K,2,1297.0,Vac_Mod
L18F,2,1297.0,Vac_Mod
G252V,2,1297.0,Vac_Mod
P25del,2,1297.0,Vac_Mod
K529L,2,1297.0,Vac_Mod
S373P,2,1297.0,Vac_Mod
T20N,2,1297.0,Vac_Mod
L212I,2,1297.0,Vac_Mod
S375F,2,1297.0,Vac_Mod
L24del,2,1297.0,Vac_Mod
Y505H,2,1297.0,Vac_Mod
V445E,2,1297.0,Vac_Mod
H655Y,2,1297.0,Vac_Mod
T478K,2,1297.0,Vac_Mod
G257S,2,1297.0,Vac_Mod
G142D,2,1297.0,Vac_Mod
A27L,2,1297.0,Vac_Mod
H146Q,2,1297.0,Vac_Mod
A27S,2,1297.0,Vac_Mod
N969K,2,1297.0,Vac_Mod
R408S,2,1297.0,Vac_Mod
V83A,2,1297.0,Vac_Mod
S371L,2,1297.0,Vac_Mod
K444T,2,1297.0,Vac_Mod
F490R,2,1297.0,Vac_Mod
N679K,2,1297.0,Vac_Mod
T547K,2,1297.0,Vac_Mod
R346T,2,1297.0,Vac_Mod
P26del,2,1297.0,Vac_Mod
E484K,2,1297.0,Vac_Mod
Q954H,2,1297.0,Vac_Mod
A570D,2,1297.0,Vac_Mod
V445P,2,1297.0,Vac_Mod
K147N,2,1297.0,Vac_Mod
N856K,2,1297.0,Vac_Mod
I210V,2,1297.0,Vac_Mod
F157L,2,1297.0,Vac_Mod
V213E,2,1297.0,Vac_Mod
L981F,2,1297.0,Vac_Mod
P681R,2,1297.0,Vac_Mod
Q498R,2,1297.0,Vac_Mod
F490S,2,1297.0,Vac_Mod
K417T,2,1297.0,Vac_Mod
T376A,2,1297.0,Vac_Mod
Q493R,2,1297.0,Vac_Mod
R190S,2,1297.0,Vac_Mod
S371F,2,1297.0,Vac_Mod
K417V,2,1297.0,Vac_Mod
Y473F,2,1297.0,Vac_Mod
D138Y,2,1297.0,Vac_Mod
A243del,2,1297.0,Vac_Mod
F486S,2,1297.0,Vac_Mod
Q493K,2,1297.0,Vac_Mod
L242del,2,1297.0,Vac_Mod
Q493S,2,1297.0,Vac_Mod
D215G,2,1297.0,Vac_Mod
E156G,2,1297.0,Vac_Mod
D80A,2,1297.0,Vac_Mod
H69del,2,1297.0,Vac_Mod
W152R,2,1297.0,Vac_Mod
D1118H,2,1297.0,Vac_Mod
V143del,2,1297.0,Vac_Mod
R158del,2,1297.0,Vac_Mod
T95I,2,1297.0,Vac_Mod
S982A,3,22.0,Vac_Pfiz
V213G,3,22.0,Vac_Pfiz
A701V,3,22.0,Vac_Pfiz
P26S,3,22.0,Vac_Pfiz
G339H,3,22.0,Vac_Pfiz
T19I,3,22.0,Vac_Pfiz
G446S,3,22.0,Vac_Pfiz
N211del,3,22.0,Vac_Pfiz
T19R,3,22.0,Vac_Pfiz
F486V,3,22.0,Vac_Pfiz
G339D,3,22.0,Vac_Pfiz
T1027I,3,22.0,Vac_Pfiz
D405N,3,22.0,Vac_Pfiz
S494R,3,22.0,Vac_Pfiz
Y144del,3,22.0,Vac_Pfiz
S704L,3,22.0,Vac_Pfiz
P681H,3,22.0,Vac_Pfiz
L368I,3,22.0,Vac_Pfiz
M153S,3,22.0,Vac_Pfiz
A67V,3,22.0,Vac_Pfiz
R346K,3,22.0,Vac_Pfiz
S477N,3,22.0,Vac_Pfiz
G496S,3,22.0,Vac_Pfiz
N501Y,3,22.0,Vac_Pfiz
T76I,3,22.0,Vac_Pfiz
N460K,3,22.0,Vac_Pfiz
E484A,3,22.0,Vac_Pfiz
D796Y,3,22.0,Vac_Pfiz
L452R,3,22.0,Vac_Pfiz
S155R,3,22.0,Vac_Pfiz
Rins214EPE,3,22.0,Vac_Pfiz
Y145del,3,22.0,Vac_Pfiz
V70del,3,22.0,Vac_Pfiz
L241del,3,22.0,Vac_Pfiz
K147E,3,22.0,Vac_Pfiz
T716I,3,22.0,Vac_Pfiz
D950N,3,22.0,Vac_Pfiz
Q183V,3,22.0,Vac_Pfiz
F157del,3,22.0,Vac_Pfiz
Q183E,3,22.0,Vac_Pfiz
N481T,3,22.0,Vac_Pfiz
K417N,3,22.0,Vac_Pfiz
N764K,3,22.0,Vac_Pfiz
F486P,3,22.0,Vac_Pfiz
Q498Y,3,22.0,Vac_Pfiz
L452Q,3,22.0,Vac_Pfiz
N440K,3,22.0,Vac_Pfiz
L18F,3,22.0,Vac_Pfiz
G252V,3,22.0,Vac_Pfiz
P25del,3,22.0,Vac_Pfiz
K529L,3,22.0,Vac_Pfiz
S373P,3,22.0,Vac_Pfiz
T20N,3,22.0,Vac_Pfiz
L212I,3,22.0,Vac_Pfiz
S375F,3,22.0,Vac_Pfiz
L24del,3,22.0,Vac_Pfiz
Y505H,3,22.0,Vac_Pfiz
V445E,3,22.0,Vac_Pfiz
H655Y,3,22.0,Vac_Pfiz
T478K,3,22.0,Vac_Pfiz
G257S,3,22.0,Vac_Pfiz
G142D,3,22.0,Vac_Pfiz
A27L,3,22.0,Vac_Pfiz
H146Q,3,22.0,Vac_Pfiz
A27S,3,22.0,Vac_Pfiz
N969K,3,22.0,Vac_Pfiz
R408S,3,22.0,Vac_Pfiz
V83A,3,22.0,Vac_Pfiz
S371L,3,22.0,Vac_Pfiz
K444T,3,22.0,Vac_Pfiz
F490R,3,22.0,Vac_Pfiz
N679K,3,22.0,Vac_Pfiz
T547K,3,22.0,Vac_Pfiz
R346T,3,22.0,Vac_Pfiz
P26del,3,22.0,Vac_Pfiz
E484K,3,22.0,Vac_Pfiz
Q954H,3,22.0,Vac_Pfiz
A570D,3,22.0,Vac_Pfiz
V445P,3,22.0,Vac_Pfiz
K147N,3,22.0,Vac_Pfiz
N856K,3,22.0,Vac_Pfiz
I210V,3,22.0,Vac_Pfiz
F157L,3,22.0,Vac_Pfiz
V213E,3,22.0,Vac_Pfiz
L981F,3,22.0,Vac_Pfiz
P681R,3,22.0,Vac_Pfiz
Q498R,3,22.0,Vac_Pfiz
F490S,3,22.0,Vac_Pfiz
K417T,3,22.0,Vac_Pfiz
T376A,3,22.0,Vac_Pfiz
Q493R,3,22.0,Vac_Pfiz
R190S,3,22.0,Vac_Pfiz
S371F,3,22.0,Vac_Pfiz
K417V,3,22.0,Vac_Pfiz
Y473F,3,22.0,Vac_Pfiz
D138Y,3,22.0,Vac_Pfiz
A243del,3,22.0,Vac_Pfiz
F486S,3,22.0,Vac_Pfiz
Q493K,3,22.0,Vac_Pfiz
L242del,3,22.0,Vac_Pfiz
Q493S,3,22.0,Vac_Pfiz
D215G,3,22.0,Vac_Pfiz
E156G,3,22.0,Vac_Pfiz
D80A,3,22.0,Vac_Pfiz
H69del,3,22.0,Vac_Pfiz
W152R,3,22.0,Vac_Pfiz
D1118H,3,22.0,Vac_Pfiz
V143del,3,22.0,Vac_Pfiz
R158del,3,22.0,Vac_Pfiz
T95I,3,22.0,Vac_Pfiz
S982A,4,23.0,Boost_Mod
V213G,4,23.0,Boost_Mod
A701V,4,23.0,Boost_Mod
P26S,4,23.0,Boost_Mod
G339H,4,23.0,Boost_Mod
T19I,4,23.0,Boost_Mod
G446S,4,23.0,Boost_Mod
N211del,4,23.0,Boost_Mod
T19R,4,23.0,Boost_Mod
F486V,4,23.0,Boost_Mod
G339D,4,23.0,Boost_Mod
T1027I,4,23.0,Boost_Mod
D405N,4,23.0,Boost_Mod
S494R,4,23.0,Boost_Mod
Y144del,4,23.0,Boost_Mod
S704L,4,23.0,Boost_Mod
P681H,4,23.0,Boost_Mod
L368I,4,23.0,Boost_Mod
M153S,4,23.0,Boost_Mod
A67V,4,23.0,Boost_Mod
R346K,4,23.0,Boost_Mod
S477N,4,23.0,Boost_Mod
G496S,4,23.0,Boost_Mod
N501Y,4,23.0,Boost_Mod
T76I,4,23.0,Boost_Mod
N460K,4,23.0,Boost_Mod
E484A,4,23.0,Boost_Mod
D796Y,4,23.0,Boost_Mod
L452R,4,23.0,Boost_Mod
S155R,4,23.0,Boost_Mod
Rins214EPE,4,23.0,Boost_Mod
Y145del,4,23.0,Boost_Mod
V70del,4,23.0,Boost_Mod
L241del,4,23.0,Boost_Mod
K147E,4,23.0,Boost_Mod
T716I,4,23.0,Boost_Mod
D950N,4,23.0,Boost_Mod
Q183V,4,23.0,Boost_Mod
F157del,4,23.0,Boost_Mod
Q183E,4,23.0,Boost_Mod
N481T,4,23.0,Boost_Mod
K417N,4,23.0,Boost_Mod
N764K,4,23.0,Boost_Mod
F486P,4,23.0,Boost_Mod
Q498Y,4,23.0,Boost_Mod
L452Q,4,23.0,Boost_Mod
N440K,4,23.0,Boost_Mod
L18F,4,23.0,Boost_Mod
G252V,4,23.0,Boost_Mod
P25del,4,23.0,Boost_Mod
K529L,4,23.0,Boost_Mod
S373P,4,23.0,Boost_Mod
T20N,4,23.0,Boost_Mod
L212I,4,23.0,Boost_Mod
S375F,4,23.0,Boost_Mod
L24del,4,23.0,Boost_Mod
Y505H,4,23.0,Boost_Mod
V445E,4,23.0,Boost_Mod
H655Y,4,23.0,Boost_Mod
T478K,4,23.0,Boost_Mod
G257S,4,23.0,Boost_Mod
G142D,4,23.0,Boost_Mod
A27L,4,23.0,Boost_Mod
H146Q,4,23.0,Boost_Mod
A27S,4,23.0,Boost_Mod
N969K,4,23.0,Boost_Mod
R408S,4,23.0,Boost_Mod
V83A,4,23.0,Boost_Mod
S371L,4,23.0,Boost_Mod
K444T,4,23.0,Boost_Mod
F490R,4,23.0,Boost_Mod
N679K,4,23.0,Boost_Mod
T547K,4,23.0,Boost_Mod
R346T,4,23.0,Boost_Mod
P26del,4,23.0,Boost_Mod
E484K,4,23.0,Boost_Mod
Q954H,4,23.0,Boost_Mod
A570D,4,23.0,Boost_Mod
V445P,4,23.0,Boost_Mod
K147N,4,23.0,Boost_Mod
N856K,4,23.0,Boost_Mod
I210V,4,23.0,Boost_Mod
F157L,4,23.0,Boost_Mod
V213E,4,23.0,Boost_Mod
L981F,4,23.0,Boost_Mod
P681R,4,23.0,Boost_Mod
Q498R,4,23.0,Boost_Mod
F490S,4,23.0,Boost_Mod
K417T,4,23.0,Boost_Mod
T376A,4,23.0,Boost_Mod
Q493R,4,23.0,Boost_Mod
R190S,4,23.0,Boost_Mod
S371F,4,23.0,Boost_Mod
K417V,4,23.0,Boost_Mod
Y473F,4,23.0,Boost_Mod
D138Y,4,23.0,Boost_Mod
A243del,4,23.0,Boost_Mod
F486S,4,23.0,Boost_Mod
Q493K,4,23.0,Boost_Mod
L242del,4,23.0,Boost_Mod
Q493S,4,23.0,Boost_Mod
D215G,4,23.0,Boost_Mod
E156G,4,23.0,Boost_Mod
D80A,4,23.0,Boost_Mod
H69del,4,23.0,Boost_Mod
W152R,4,23.0,Boost_Mod
D1118H,4,23.0,Boost_Mod
V143del,4,23.0,Boost_Mod
R158del,4,23.0,Boost_Mod
T95I,4,23.0,Boost_Mod
S982A,5,267.0,Boost_Pfiz
V213G,5,267.0,Boost_Pfiz
A701V,5,267.0,Boost_Pfiz
P26S,5,267.0,Boost_Pfiz
G339H,5,267.0,Boost_Pfiz
T19I,5,267.0,Boost_Pfiz
G446S,5,267.0,Boost_Pfiz
N211del,5,267.0,Boost_Pfiz
T19R,5,267.0,Boost_Pfiz
F486V,5,267.0,Boost_Pfiz
G339D,5,267.0,Boost_Pfiz
T1027I,5,267.0,Boost_Pfiz
D405N,5,267.0,Boost_Pfiz
S494R,5,267.0,Boost_Pfiz
Y144del,5,267.0,Boost_Pfiz
S704L,5,267.0,Boost_Pfiz
P681H,5,267.0,Boost_Pfiz
L368I,5,267.0,Boost_Pfiz
M153S,5,267.0,Boost_Pfiz
A67V,5,267.0,Boost_Pfiz
R346K,5,267.0,Boost_Pfiz
S477N,5,267.0,Boost_Pfiz
G496S,5,267.0,Boost_Pfiz
N501Y,5,267.0,Boost_Pfiz
T76I,5,267.0,Boost_Pfiz
N460K,5,267.0,Boost_Pfiz
E484A,5,267.0,Boost_Pfiz
D796Y,5,267.0,Boost_Pfiz
L452R,5,267.0,Boost_Pfiz
S155R,5,267.0,Boost_Pfiz
Rins214EPE,5,267.0,Boost_Pfiz
Y145del,5,267.0,Boost_Pfiz
V70del,5,267.0,Boost_Pfiz
L241del,5,267.0,Boost_Pfiz
K147E,5,267.0,Boost_Pfiz
T716I,5,267.0,Boost_Pfiz
D950N,5,267.0,Boost_Pfiz
Q183V,5,267.0,Boost_Pfiz
F157del,5,267.0,Boost_Pfiz
Q183E,5,267.0,Boost_Pfiz
N481T,5,267.0,Boost_Pfiz
K417N,5,267.0,Boost_Pfiz
N764K,5,267.0,Boost_Pfiz
F486P,5,267.0,Boost_Pfiz
Q498Y,5,267.0,Boost_Pfiz
L452Q,5,267.0,Boost_Pfiz
N440K,5,267.0,Boost_Pfiz
L18F,5,267.0,Boost_Pfiz
G252V,5,267.0,Boost_Pfiz
P25del,5,267.0,Boost_Pfiz
K529L,5,267.0,Boost_Pfiz
S373P,5,267.0,Boost_Pfiz
T20N,5,267.0,Boost_Pfiz
L212I,5,267.0,Boost_Pfiz
S375F,5,267.0,Boost_Pfiz
L24del,5,267.0,Boost_Pfiz
Y505H,5,267.0,Boost_Pfiz
V445E,5,267.0,Boost_Pfiz
H655Y,5,267.0,Boost_Pfiz
T478K,5,267.0,Boost_Pfiz
G257S,5,267.0,Boost_Pfiz
G142D,5,267.0,Boost_Pfiz
A27L,5,267.0,Boost_Pfiz
H146Q,5,267.0,Boost_Pfiz
A27S,5,267.0,Boost_Pfiz
N969K,5,267.0,Boost_Pfiz
R408S,5,267.0,Boost_Pfiz
V83A,5,267.0,Boost_Pfiz
S371L,5,267.0,Boost_Pfiz
K444T,5,267.0,Boost_Pfiz
F490R,5,267.0,Boost_Pfiz
N679K,5,267.0,Boost_Pfiz
T547K,5,267.0,Boost_Pfiz
R346T,5,267.0,Boost_Pfiz
P26del,5,267.0,Boost_Pfiz
E484K,5,267.0,Boost_Pfiz
Q954H,5,267.0,Boost_Pfiz
A570D,5,267.0,Boost_Pfiz
V445P,5,267.0,Boost_Pfiz
K147N,5,267.0,Boost_Pfiz
N856K,5,267.0,Boost_Pfiz
I210V,5,267.0,Boost_Pfiz
F157L,5,267.0,Boost_Pfiz
V213E,5,267.0,Boost_Pfiz
L981F,5,267.0,Boost_Pfiz
P681R,5,267.0,Boost_Pfiz
Q498R,5,267.0,Boost_Pfiz
F490S,5,267.0,Boost_Pfiz
K417T,5,267.0,Boost_Pfiz
T376A,5,267.0,Boost_Pfiz
Q493R,5,267.0,Boost_Pfiz
R190S,5,267.0,Boost_Pfiz
S371F,5,267.0,Boost_Pfiz
K417V,5,267.0,Boost_Pfiz
Y473F,5,267.0,Boost_Pfiz
D138Y,5,267.0,Boost_Pfiz
A243del,5,267.0,Boost_Pfiz
F486S,5,267.0,Boost_Pfiz
Q493K,5,267.0,Boost_Pfiz
L242del,5,267.0,Boost_Pfiz
Q493S,5,267.0,Boost_Pfiz
D215G,5,267.0,Boost_Pfiz
E156G,5,267.0,Boost_Pfiz
D80A,5,267.0,Boost_Pfiz
H69del,5,267.0,Boost_Pfiz
W152R,5,267.0,Boost_Pfiz
D1118H,5,267.0,Boost_Pfiz
V143del,5,267.0,Boost_Pfiz
R158del,5,267.0,Boost_Pfiz
T95I,5,267.0,Boost_Pfiz
S982A,6,533.0,Bi-valent Boost
V213G,6,533.0,Bi-valent Boost
A701V,6,533.0,Bi-valent Boost
P26S,6,533.0,Bi-valent Boost
G339H,6,533.0,Bi-valent Boost
T19I,6,533.0,Bi-valent Boost
G446S,6,533.0,Bi-valent Boost
N211del,6,533.0,Bi-valent Boost
T19R,6,533.0,Bi-valent Boost
F486V,6,533.0,Bi-valent Boost
G339D,6,533.0,Bi-valent Boost
T1027I,6,533.0,Bi-valent Boost
D405N,6,533.0,Bi-valent Boost
S494R,6,533.0,Bi-valent Boost
Y144del,6,533.0,Bi-valent Boost
S704L,6,533.0,Bi-valent Boost
P681H,6,533.0,Bi-valent Boost
L368I,6,533.0,Bi-valent Boost
M153S,6,533.0,Bi-valent Boost
A67V,6,533.0,Bi-valent Boost
R346K,6,533.0,Bi-valent Boost
S477N,6,533.0,Bi-valent Boost
G496S,6,533.0,Bi-valent Boost
N501Y,6,533.0,Bi-valent Boost
T76I,6,533.0,Bi-valent Boost
N460K,6,533.0,Bi-valent Boost
E484A,6,533.0,Bi-valent Boost
D796Y,6,533.0,Bi-valent Boost
L452R,6,533.0,Bi-valent Boost
S155R,6,533.0,Bi-valent Boost
Rins214EPE,6,533.0,Bi-valent Boost
Y145del,6,533.0,Bi-valent Boost
V70del,6,533.0,Bi-valent Boost
L241del,6,533.0,Bi-valent Boost
K147E,6,533.0,Bi-valent Boost
T716I,6,533.0,Bi-valent Boost
D950N,6,533.0,Bi-valent Boost
Q183V,6,533.0,Bi-valent Boost
F157del,6,533.0,Bi-valent Boost
Q183E,6,533.0,Bi-valent Boost
N481T,6,533.0,Bi-valent Boost
K417N,6,533.0,Bi-valent Boost
N764K,6,533.0,Bi-valent Boost
F486P,6,533.0,Bi-valent Boost
Q498Y,6,533.0,Bi-valent Boost
L452Q,6,533.0,Bi-valent Boost
N440K,6,533.0,Bi-valent Boost
L18F,6,533.0,Bi-valent Boost
G252V,6,533.0,Bi-valent Boost
P25del,6,533.0,Bi-valent Boost
K529L,6,533.0,Bi-valent Boost
S373P,6,533.0,Bi-valent Boost
T20N,6,533.0,Bi-valent Boost
L212I,6,533.0,Bi-valent Boost
S375F,6,533.0,Bi-valent Boost
L24del,6,533.0,Bi-valent Boost
Y505H,6,533.0,Bi-valent Boost
V445E,6,533.0,Bi-valent Boost
H655Y,6,533.0,Bi-valent Boost
T478K,6,533.0,Bi-valent Boost
G257S,6,533.0,Bi-valent Boost
G142D,6,533.0,Bi-valent Boost
A27L,6,533.0,Bi-valent Boost
H146Q,6,533.0,Bi-valent Boost
A27S,6,533.0,Bi-valent Boost
N969K,6,533.0,Bi-valent Boost
R408S,6,533.0,Bi-valent Boost
V83A,6,533.0,Bi-valent Boost
S371L,6,533.0,Bi-valent Boost
K444T,6,533.0,Bi-valent Boost
F490R,6,533.0,Bi-valent Boost
N679K,6,533.0,Bi-valent Boost
T547K,6,533.0,Bi-valent Boost
R346T,6,533.0,Bi-valent Boost
P26del,6,533.0,Bi-valent Boost
E484K,6,533.0,Bi-valent Boost
Q954H,6,533.0,Bi-valent Boost
A570D,6,533.0,Bi-valent Boost
V445P,6,533.0,Bi-valent Boost
K147N,6,533.0,Bi-valent Boost
N856K,6,533.0,Bi-valent Boost
I210V,6,533.0,Bi-valent Boost
F157L,6,533.0,Bi-valent Boost
V213E,6,533.0,Bi-valent Boost
L981F,6,533.0,Bi-valent Boost
P681R,6,533.0,Bi-valent Boost
Q498R,6,533.0,Bi-valent Boost
F490S,6,533.0,Bi-valent Boost
K417T,6,533.0,Bi-valent Boost
T376A,6,533.0,Bi-valent Boost
Q493R,6,533.0,Bi-valent Boost
R190S,6,533.0,Bi-valent Boost
S371F,6,533.0,Bi-valent Boost
K417V,6,533.0,Bi-valent Boost
Y473F,6,533.0,Bi-valent Boost
D138Y,6,533.0,Bi-valent Boost
A243del,6,533.0,Bi-valent Boost
F486S,6,533.0,Bi-valent Boost
Q493K,6,533.0,Bi-valent Boost
L242del,6,533.0,Bi-valent Boost
Q493S,6,533.0,Bi-valent Boost
D215G,6,533.0,Bi-valent Boost
E156G,6,533.0,Bi-valent Boost
D80A,6,533.0,Bi-valent Boost
H69del,6,533.0,Bi-valent Boost
W152R,6,533.0,Bi-valent Boost
D1118H,6,533.0,Bi-valent Boost
V143del,6,533.0,Bi-valent Boost
R158del,6,533.0,Bi-valent Boost
T95I,6,533.0,Bi-valent Boost
S982A,7,395.0,BTI_Delta
V213G,7,395.0,BTI_Delta
A701V,7,395.0,BTI_Delta
P26S,7,395.0,BTI_Delta
G339H,7,395.0,BTI_Delta
T19I,7,395.0,BTI_Delta
G446S,7,395.0,BTI_Delta
N211del,7,395.0,BTI_Delta
T19R,7,395.0,BTI_Delta
F486V,7,395.0,BTI_Delta
G339D,7,395.0,BTI_Delta
T1027I,7,395.0,BTI_Delta
D405N,7,395.0,BTI_Delta
S494R,7,395.0,BTI_Delta
Y144del,7,395.0,BTI_Delta
S704L,7,395.0,BTI_Delta
P681H,7,395.0,BTI_Delta
L368I,7,395.0,BTI_Delta
M153S,7,395.0,BTI_Delta
A67V,7,395.0,BTI_Delta
R346K,7,395.0,BTI_Delta
S477N,7,395.0,BTI_Delta
G496S,7,395.0,BTI_Delta
N501Y,7,395.0,BTI_Delta
T76I,7,395.0,BTI_Delta
N460K,7,395.0,BTI_Delta
E484A,7,395.0,BTI_Delta
D796Y,7,395.0,BTI_Delta
L452R,7,395.0,BTI_Delta
S155R,7,395.0,BTI_Delta
Rins214EPE,7,395.0,BTI_Delta
Y145del,7,395.0,BTI_Delta
V70del,7,395.0,BTI_Delta
L241del,7,395.0,BTI_Delta
K147E,7,395.0,BTI_Delta
T716I,7,395.0,BTI_Delta
D950N,7,395.0,BTI_Delta
Q183V,7,395.0,BTI_Delta
F157del,7,395.0,BTI_Delta
Q183E,7,395.0,BTI_Delta
N481T,7,395.0,BTI_Delta
K417N,7,395.0,BTI_Delta
N764K,7,395.0,BTI_Delta
F486P,7,395.0,BTI_Delta
Q498Y,7,395.0,BTI_Delta
L452Q,7,395.0,BTI_Delta
N440K,7,395.0,BTI_Delta
L18F,7,395.0,BTI_Delta
G252V,7,395.0,BTI_Delta
P25del,7,395.0,BTI_Delta
K529L,7,395.0,BTI_Delta
S373P,7,395.0,BTI_Delta
T20N,7,395.0,BTI_Delta
L212I,7,395.0,BTI_Delta
S375F,7,395.0,BTI_Delta
L24del,7,395.0,BTI_Delta
Y505H,7,395.0,BTI_Delta
V445E,7,395.0,BTI_Delta
H655Y,7,395.0,BTI_Delta
T478K,7,395.0,BTI_Delta
G257S,7,395.0,BTI_Delta
G142D,7,395.0,BTI_Delta
A27L,7,395.0,BTI_Delta
H146Q,7,395.0,BTI_Delta
A27S,7,395.0,BTI_Delta
N969K,7,395.0,BTI_Delta
R408S,7,395.0,BTI_Delta
V83A,7,395.0,BTI_Delta
S371L,7,395.0,BTI_Delta
K444T,7,395.0,BTI_Delta
F490R,7,395.0,BTI_Delta
N679K,7,395.0,BTI_Delta
T547K,7,395.0,BTI_Delta
R346T,7,395.0,BTI_Delta
P26del,7,395.0,BTI_Delta
E484K,7,395.0,BTI_Delta
Q954H,7,395.0,BTI_Delta
A570D,7,395.0,BTI_Delta
V445P,7,395.0,BTI_Delta
K147N,7,395.0,BTI_Delta
N856K,7,395.0,BTI_Delta
I210V,7,395.0,BTI_Delta
F157L,7,395.0,BTI_Delta
V213E,7,395.0,BTI_Delta
L981F,7,395.0,BTI_Delta
P681R,7,395.0,BTI_Delta
Q498R,7,395.0,BTI_Delta
F490S,7,395.0,BTI_Delta
K417T,7,395.0,BTI_Delta
T376A,7,395.0,BTI_Delta
Q493R,7,395.0,BTI_Delta
R190S,7,395.0,BTI_Delta
S371F,7,395.0,BTI_Delta
K417V,7,395.0,BTI_Delta
Y473F,7,395.0,BTI_Delta
D138Y,7,395.0,BTI_Delta
A243del,7,395.0,BTI_Delta
F486S,7,395.0,BTI_Delta
Q493K,7,395.0,BTI_Delta
L242del,7,395.0,BTI_Delta
Q493S,7,395.0,BTI_Delta
D215G,7,395.0,BTI_Delta
E156G,7,395.0,BTI_Delta
D80A,7,395.0,BTI_Delta
H69del,7,395.0,BTI_Delta
W152R,7,395.0,BTI_Delta
D1118H,7,395.0,BTI_Delta
V143del,7,395.0,BTI_Delta
R158del,7,395.0,BTI_Delta
T95I,7,395.0,BTI_Delta
S982A,8,23.0,BTI_BA.1
V213G,8,23.0,BTI_BA.1
A701V,8,23.0,BTI_BA.1
P26S,8,23.0,BTI_BA.1
G339H,8,23.0,BTI_BA.1
T19I,8,23.0,BTI_BA.1
G446S,8,23.0,BTI_BA.1
N211del,8,23.0,BTI_BA.1
T19R,8,23.0,BTI_BA.1
F486V,8,23.0,BTI_BA.1
G339D,8,23.0,BTI_BA.1
T1027I,8,23.0,BTI_BA.1
D405N,8,23.0,BTI_BA.1
S494R,8,23.0,BTI_BA.1
Y144del,8,23.0,BTI_BA.1
S704L,8,23.0,BTI_BA.1
P681H,8,23.0,BTI_BA.1
L368I,8,23.0,BTI_BA.1
M153S,8,23.0,BTI_BA.1
A67V,8,23.0,BTI_BA.1
R346K,8,23.0,BTI_BA.1
S477N,8,23.0,BTI_BA.1
G496S,8,23.0,BTI_BA.1
N501Y,8,23.0,BTI_BA.1
T76I,8,23.0,BTI_BA.1
N460K,8,23.0,BTI_BA.1
E484A,8,23.0,BTI_BA.1
D796Y,8,23.0,BTI_BA.1
L452R,8,23.0,BTI_BA.1
S155R,8,23.0,BTI_BA.1
Rins214EPE,8,23.0,BTI_BA.1
Y145del,8,23.0,BTI_BA.1
V70del,8,23.0,BTI_BA.1
L241del,8,23.0,BTI_BA.1
K147E,8,23.0,BTI_BA.1
T716I,8,23.0,BTI_BA.1
D950N,8,23.0,BTI_BA.1
Q183V,8,23.0,BTI_BA.1
F157del,8,23.0,BTI_BA.1
Q183E,8,23.0,BTI_BA.1
N481T,8,23.0,BTI_BA.1
K417N,8,23.0,BTI_BA.1
N764K,8,23.0,BTI_BA.1
F486P,8,23.0,BTI_BA.1
Q498Y,8,23.0,BTI_BA.1
L452Q,8,23.0,BTI_BA.1
N440K,8,23.0,BTI_BA.1
L18F,8,23.0,BTI_BA.1
G252V,8,23.0,BTI_BA.1
P25del,8,23.0,BTI_BA.1
K529L,8,23.0,BTI_BA.1
S373P,8,23.0,BTI_BA.1
T20N,8,23.0,BTI_BA.1
L212I,8,23.0,BTI_BA.1
S375F,8,23.0,BTI_BA.1
L24del,8,23.0,BTI_BA.1
Y505H,8,23.0,BTI_BA.1
V445E,8,23.0,BTI_BA.1
H655Y,8,23.0,BTI_BA.1
T478K,8,23.0,BTI_BA.1
G257S,8,23.0,BTI_BA.1
G142D,8,23.0,BTI_BA.1
A27L,8,23.0,BTI_BA.1
H146Q,8,23.0,BTI_BA.1
A27S,8,23.0,BTI_BA.1
N969K,8,23.0,BTI_BA.1
R408S,8,23.0,BTI_BA.1
V83A,8,23.0,BTI_BA.1
S371L,8,23.0,BTI_BA.1
K444T,8,23.0,BTI_BA.1
F490R,8,23.0,BTI_BA.1
N679K,8,23.0,BTI_BA.1
T547K,8,23.0,BTI_BA.1
R346T,8,23.0,BTI_BA.1
P26del,8,23.0,BTI_BA.1
E484K,8,23.0,BTI_BA.1
Q954H,8,23.0,BTI_BA.1
A570D,8,23.0,BTI_BA.1
V445P,8,23.0,BTI_BA.1
K147N,8,23.0,BTI_BA.1
N856K,8,23.0,BTI_BA.1
I210V,8,23.0,BTI_BA.1
F157L,8,23.0,BTI_BA.1
V213E,8,23.0,BTI_BA.1
L981F,8,23.0,BTI_BA.1
P681R,8,23.0,BTI_BA.1
Q498R,8,23.0,BTI_BA.1
F490S,8,23.0,BTI_BA.1
K417T,8,23.0,BTI_BA.1
T376A,8,23.0,BTI_BA.1
Q493R,8,23.0,BTI_BA.1
R190S,8,23.0,BTI_BA.1
S371F,8,23.0,BTI_BA.1
K417V,8,23.0,BTI_BA.1
Y473F,8,23.0,BTI_BA.1
D138Y,8,23.0,BTI_BA.1
A243del,8,23.0,BTI_BA.1
F486S,8,23.0,BTI_BA.1
Q493K,8,23.0,BTI_BA.1
L242del,8,23.0,BTI_BA.1
Q493S,8,23.0,BTI_BA.1
D215G,8,23.0,BTI_BA.1
E156G,8,23.0,BTI_BA.1
D80A,8,23.0,BTI_BA.1
H69del,8,23.0,BTI_BA.1
W152R,8,23.0,BTI_BA.1
D1118H,8,23.0,BTI_BA.1
V143del,8,23.0,BTI_BA.1
R158del,8,23.0,BTI_BA.1
T95I,8,23.0,BTI_BA.1
S982A,9,21.0,BTI_BA.2.12.1
V213G,9,21.0,BTI_BA.2.12.1
A701V,9,21.0,BTI_BA.2.12.1
P26S,9,21.0,BTI_BA.2.12.1
G339H,9,21.0,BTI_BA.2.12.1
T19I,9,21.0,BTI_BA.2.12.1
G446S,9,21.0,BTI_BA.2.12.1
N211del,9,21.0,BTI_BA.2.12.1
T19R,9,21.0,BTI_BA.2.12.1
F486V,9,21.0,BTI_BA.2.12.1
G339D,9,21.0,BTI_BA.2.12.1
T1027I,9,21.0,BTI_BA.2.12.1
D405N,9,21.0,BTI_BA.2.12.1
S494R,9,21.0,BTI_BA.2.12.1
Y144del,9,21.0,BTI_BA.2.12.1
S704L,9,21.0,BTI_BA.2.12.1
P681H,9,21.0,BTI_BA.2.12.1
L368I,9,21.0,BTI_BA.2.12.1
M153S,9,21.0,BTI_BA.2.12.1
A67V,9,21.0,BTI_BA.2.12.1
R346K,9,21.0,BTI_BA.2.12.1
S477N,9,21.0,BTI_BA.2.12.1
G496S,9,21.0,BTI_BA.2.12.1
N501Y,9,21.0,BTI_BA.2.12.1
T76I,9,21.0,BTI_BA.2.12.1
N460K,9,21.0,BTI_BA.2.12.1
E484A,9,21.0,BTI_BA.2.12.1
D796Y,9,21.0,BTI_BA.2.12.1
L452R,9,21.0,BTI_BA.2.12.1
S155R,9,21.0,BTI_BA.2.12.1
Rins214EPE,9,21.0,BTI_BA.2.12.1
Y145del,9,21.0,BTI_BA.2.12.1
V70del,9,21.0,BTI_BA.2.12.1
L241del,9,21.0,BTI_BA.2.12.1
K147E,9,21.0,BTI_BA.2.12.1
T716I,9,21.0,BTI_BA.2.12.1
D950N,9,21.0,BTI_BA.2.12.1
Q183V,9,21.0,BTI_BA.2.12.1
F157del,9,21.0,BTI_BA.2.12.1
Q183E,9,21.0,BTI_BA.2.12.1
N481T,9,21.0,BTI_BA.2.12.1
K417N,9,21.0,BTI_BA.2.12.1
N764K,9,21.0,BTI_BA.2.12.1
F486P,9,21.0,BTI_BA.2.12.1
Q498Y,9,21.0,BTI_BA.2.12.1
L452Q,9,21.0,BTI_BA.2.12.1
N440K,9,21.0,BTI_BA.2.12.1
L18F,9,21.0,BTI_BA.2.12.1
G252V,9,21.0,BTI_BA.2.12.1
P25del,9,21.0,BTI_BA.2.12.1
K529L,9,21.0,BTI_BA.2.12.1
S373P,9,21.0,BTI_BA.2.12.1
T20N,9,21.0,BTI_BA.2.12.1
L212I,9,21.0,BTI_BA.2.12.1
S375F,9,21.0,BTI_BA.2.12.1
L24del,9,21.0,BTI_BA.2.12.1
Y505H,9,21.0,BTI_BA.2.12.1
V445E,9,21.0,BTI_BA.2.12.1
H655Y,9,21.0,BTI_BA.2.12.1
T478K,9,21.0,BTI_BA.2.12.1
G257S,9,21.0,BTI_BA.2.12.1
G142D,9,21.0,BTI_BA.2.12.1
A27L,9,21.0,BTI_BA.2.12.1
H146Q,9,21.0,BTI_BA.2.12.1
A27S,9,21.0,BTI_BA.2.12.1
N969K,9,21.0,BTI_BA.2.12.1
R408S,9,21.0,BTI_BA.2.12.1
V83A,9,21.0,BTI_BA.2.12.1
S371L,9,21.0,BTI_BA.2.12.1
K444T,9,21.0,BTI_BA.2.12.1
F490R,9,21.0,BTI_BA.2.12.1
N679K,9,21.0,BTI_BA.2.12.1
T547K,9,21.0,BTI_BA.2.12.1
R346T,9,21.0,BTI_BA.2.12.1
P26del,9,21.0,BTI_BA.2.12.1
E484K,9,21.0,BTI_BA.2.12.1
Q954H,9,21.0,BTI_BA.2.12.1
A570D,9,21.0,BTI_BA.2.12.1
V445P,9,21.0,BTI_BA.2.12.1
K147N,9,21.0,BTI_BA.2.12.1
N856K,9,21.0,BTI_BA.2.12.1
I210V,9,21.0,BTI_BA.2.12.1
F157L,9,21.0,BTI_BA.2.12.1
V213E,9,21.0,BTI_BA.2.12.1
L981F,9,21.0,BTI_BA.2.12.1
P681R,9,21.0,BTI_BA.2.12.1
Q498R,9,21.0,BTI_BA.2.12.1
F490S,9,21.0,BTI_BA.2.12.1
K417T,9,21.0,BTI_BA.2.12.1
T376A,9,21.0,BTI_BA.2.12.1
Q493R,9,21.0,BTI_BA.2.12.1
R190S,9,21.0,BTI_BA.2.12.1
S371F,9,21.0,BTI_BA.2.12.1
K417V,9,21.0,BTI_BA.2.12.1
Y473F,9,21.0,BTI_BA.2.12.1
D138Y,9,21.0,BTI_BA.2.12.1
A243del,9,21.0,BTI_BA.2.12.1
F486S,9,21.0,BTI_BA.2.12.1
Q493K,9,21.0,BTI_BA.2.12.1
L242del,9,21.0,BTI_BA.2.12.1
Q493S,9,21.0,BTI_BA.2.12.1
D215G,9,21.0,BTI_BA.2.12.1
E156G,9,21.0,BTI_BA.2.12.1
D80A,9,21.0,BTI_BA.2.12.1
H69del,9,21.0,BTI_BA.2.12.1
W152R,9,21.0,BTI_BA.2.12.1
D1118H,9,21.0,BTI_BA.2.12.1
V143del,9,21.0,BTI_BA.2.12.1
R158del,9,21.0,BTI_BA.2.12.1
T95I,9,21.0,BTI_BA.2.12.1
S982A,10,312.0,BTI_BA.4/5
V213G,10,312.0,BTI_BA.4/5
A701V,10,312.0,BTI_BA.4/5
P26S,10,312.0,BTI_BA.4/5
G339H,10,312.0,BTI_BA.4/5
T19I,10,312.0,BTI_BA.4/5
G446S,10,312.0,BTI_BA.4/5
N211del,10,312.0,BTI_BA.4/5
T19R,10,312.0,BTI_BA.4/5
F486V,10,312.0,BTI_BA.4/5
G339D,10,312.0,BTI_BA.4/5
T1027I,10,312.0,BTI_BA.4/5
D405N,10,312.0,BTI_BA.4/5
S494R,10,312.0,BTI_BA.4/5
Y144del,10,312.0,BTI_BA.4/5
S704L,10,312.0,BTI_BA.4/5
P681H,10,312.0,BTI_BA.4/5
L368I,10,312.0,BTI_BA.4/5
M153S,10,312.0,BTI_BA.4/5
A67V,10,312.0,BTI_BA.4/5
R346K,10,312.0,BTI_BA.4/5
S477N,10,312.0,BTI_BA.4/5
G496S,10,312.0,BTI_BA.4/5
N501Y,10,312.0,BTI_BA.4/5
T76I,10,312.0,BTI_BA.4/5
N460K,10,312.0,BTI_BA.4/5
E484A,10,312.0,BTI_BA.4/5
D796Y,10,312.0,BTI_BA.4/5
L452R,10,312.0,BTI_BA.4/5
S155R,10,312.0,BTI_BA.4/5
Rins214EPE,10,312.0,BTI_BA.4/5
Y145del,10,312.0,BTI_BA.4/5
V70del,10,312.0,BTI_BA.4/5
L241del,10,312.0,BTI_BA.4/5
K147E,10,312.0,BTI_BA.4/5
T716I,10,312.0,BTI_BA.4/5
D950N,10,312.0,BTI_BA.4/5
Q183V,10,312.0,BTI_BA.4/5
F157del,10,312.0,BTI_BA.4/5
Q183E,10,312.0,BTI_BA.4/5
N481T,10,312.0,BTI_BA.4/5
K417N,10,312.0,BTI_BA.4/5
N764K,10,312.0,BTI_BA.4/5
F486P,10,312.0,BTI_BA.4/5
Q498Y,10,312.0,BTI_BA.4/5
L452Q,10,312.0,BTI_BA.4/5
N440K,10,312.0,BTI_BA.4/5
L18F,10,312.0,BTI_BA.4/5
G252V,10,312.0,BTI_BA.4/5
P25del,10,312.0,BTI_BA.4/5
K529L,10,312.0,BTI_BA.4/5
S373P,10,312.0,BTI_BA.4/5
T20N,10,312.0,BTI_BA.4/5
L212I,10,312.0,BTI_BA.4/5
S375F,10,312.0,BTI_BA.4/5
L24del,10,312.0,BTI_BA.4/5
Y505H,10,312.0,BTI_BA.4/5
V445E,10,312.0,BTI_BA.4/5
H655Y,10,312.0,BTI_BA.4/5
T478K,10,312.0,BTI_BA.4/5
G257S,10,312.0,BTI_BA.4/5
G142D,10,312.0,BTI_BA.4/5
A27L,10,312.0,BTI_BA.4/5
H146Q,10,312.0,BTI_BA.4/5
A27S,10,312.0,BTI_BA.4/5
N969K,10,312.0,BTI_BA.4/5
R408S,10,312.0,BTI_BA.4/5
V83A,10,312.0,BTI_BA.4/5
S371L,10,312.0,BTI_BA.4/5
K444T,10,312.0,BTI_BA.4/5
F490R,10,312.0,BTI_BA.4/5
N679K,10,312.0,BTI_BA.4/5
T547K,10,312.0,BTI_BA.4/5
R346T,10,312.0,BTI_BA.4/5
P26del,10,312.0,BTI_BA.4/5
E484K,10,312.0,BTI_BA.4/5
Q954H,10,312.0,BTI_BA.4/5
A570D,10,312.0,BTI_BA.4/5
V445P,10,312.0,BTI_BA.4/5
K147N,10,312.0,BTI_BA.4/5
N856K,10,312.0,BTI_BA.4/5
I210V,10,312.0,BTI_BA.4/5
F157L,10,312.0,BTI_BA.4/5
V213E,10,312.0,BTI_BA.4/5
L981F,10,312.0,BTI_BA.4/5
P681R,10,312.0,BTI_BA.4/5
Q498R,10,312.0,BTI_BA.4/5
F490S,10,312.0,BTI_BA.4/5
K417T,10,312.0,BTI_BA.4/5
T376A,10,312.0,BTI_BA.4/5
Q493R,10,312.0,BTI_BA.4/5
R190S,10,312.0,BTI_BA.4/5
S371F,10,312.0,BTI_BA.4/5
K417V,10,312.0,BTI_BA.4/5
Y473F,10,312.0,BTI_BA.4/5
D138Y,10,312.0,BTI_BA.4/5
A243del,10,312.0,BTI_BA.4/5
F486S,10,312.0,BTI_BA.4/5
Q493K,10,312.0,BTI_BA.4/5
L242del,10,312.0,BTI_BA.4/5
Q493S,10,312.0,BTI_BA.4/5
D215G,10,312.0,BTI_BA.4/5
E156G,10,312.0,BTI_BA.4/5
D80A,10,312.0,BTI_BA.4/5
H69del,10,312.0,BTI_BA.4/5
W152R,10,312.0,BTI_BA.4/5
D1118H,10,312.0,BTI_BA.4/5
V143del,10,312.0,BTI_BA.4/5
R158del,10,312.0,BTI_BA.4/5
T95I,10,312.0,BTI_BA.4/5
