Reference,Reference: DOI,Assay,Section,Pre-vaccine Infection,Vaccine,# Shots,Months,Host,Control,Control: NT50 Cmp,Control: NT50 GeoMean,Control: NT50 GSD,Variant,Variant: Pos,Variant: Mutations,# Results,Potency: NT50 Cmp,Potency: NT50 GeoMean,Potency: NT50 GSD
Valleriani21,10.3390/v13102011,Virus isolate,Figure 1B; Figure 2B,None,BNT162b2,2,1m,Human,Wild Type (B.1),=,640.0,1.0,Delta,19,T19R + Δ156-157 + R158G + T274I + L452R + T478K + P681R + D950N,1,,,
Valleriani21,10.3390/v13102011,Virus isolate,Figure 1B; Figure 2B,None,BNT162b2,2,1m,Human,Wild Type (B.1),=,80.0,1.0,Delta,19,T19R + Δ156-157 + R158G + T274I + L452R + T478K + P681R + D950N,1,,,
Valleriani21,10.3390/v13102011,Virus isolate,Figure 1B; Figure 2B,None,BNT162b2,2,1m,Human,Wild Type (B.1),=,80.0,1.0,Delta,19,T19R + Δ156-157 + R158G + T274I + L452R + T478K + P681R + D950N,1,,,
Valleriani21,10.3390/v13102011,Virus isolate,Figure 1B; Figure 2B,None,BNT162b2,2,1m,Human,Wild Type (B.1),=,20.0,1.0,Delta,19,T19R + Δ156-157 + R158G + T274I + L452R + T478K + P681R + D950N,1,,,
Valleriani21,10.3390/v13102011,Virus isolate,Figure 1B; Figure 2B,None,BNT162b2,2,1m,Human,Wild Type (B.1),=,40.0,1.0,Delta,19,T19R + Δ156-157 + R158G + T274I + L452R + T478K + P681R + D950N,1,,,
Valleriani21,10.3390/v13102011,Virus isolate,Figure 1B; Figure 2B,None,BNT162b2,2,1m,Human,Wild Type (B.1),=,20.0,1.0,Delta,19,T19R + Δ156-157 + R158G + T274I + L452R + T478K + P681R + D950N,1,,,
Valleriani21,10.3390/v13102011,Virus isolate,Figure 1B; Figure 2B,None,BNT162b2,2,1m,Human,Wild Type (B.1),=,20.0,1.0,Delta,19,T19R + Δ156-157 + R158G + T274I + L452R + T478K + P681R + D950N,1,,,
Valleriani21,10.3390/v13102011,Virus isolate,Figure 1B; Figure 2B,None,BNT162b2,2,1m,Human,Wild Type (B.1),=,20.0,1.0,Delta,19,T19R + Δ156-157 + R158G + T274I + L452R + T478K + P681R + D950N,1,,,
Valleriani21,10.3390/v13102011,Virus isolate,Figure 1B; Figure 2B,None,BNT162b2,2,1m,Human,Wild Type (B.1),=,20.0,1.0,Delta,19,T19R + Δ156-157 + R158G + T274I + L452R + T478K + P681R + D950N,1,,,
Valleriani21,10.3390/v13102011,Virus isolate,Figure 1B; Figure 2B,None,BNT162b2,2,1m,Human,Wild Type (B.1),=,640.0,1.0,Delta,19,T19R + Δ156-157 + R158G + T274I + L452R + T478K + P681R + D950N,1,,,
Valleriani21,10.3390/v13102011,Virus isolate,Figure 1B; Figure 2B,None,BNT162b2,2,1m,Human,Wild Type (B.1),=,640.0,1.0,Delta,19,T19R + Δ156-157 + R158G + T274I + L452R + T478K + P681R + D950N,1,,,
Valleriani21,10.3390/v13102011,Virus isolate,Figure 1B; Figure 2B,None,BNT162b2,2,1m,Human,Wild Type (B.1),=,640.0,1.0,Delta,19,T19R + Δ156-157 + R158G + T274I + L452R + T478K + P681R + D950N,1,,,
Valleriani21,10.3390/v13102011,Virus isolate,Figure 1B; Figure 2B,None,BNT162b2,2,1m,Human,Wild Type (B.1),=,320.0,1.0,Delta,19,T19R + Δ156-157 + R158G + T274I + L452R + T478K + P681R + D950N,1,,,
Valleriani21,10.3390/v13102011,Virus isolate,Figure 1B; Figure 2B,None,BNT162b2,2,1m,Human,Wild Type (B.1),=,320.0,1.0,Delta,19,T19R + Δ156-157 + R158G + T274I + L452R + T478K + P681R + D950N,1,,,
Valleriani21,10.3390/v13102011,Virus isolate,Figure 1B; Figure 2B,None,BNT162b2,2,1m,Human,Wild Type (B.1),=,320.0,1.0,Delta,19,T19R + Δ156-157 + R158G + T274I + L452R + T478K + P681R + D950N,1,,,
Valleriani21,10.3390/v13102011,Virus isolate,Figure 1B; Figure 2B,None,BNT162b2,2,1m,Human,Wild Type (B.1),=,320.0,1.0,Delta,19,T19R + Δ156-157 + R158G + T274I + L452R + T478K + P681R + D950N,1,,,
Valleriani21,10.3390/v13102011,Virus isolate,Figure 1B; Figure 2B,None,BNT162b2,2,1m,Human,Wild Type (B.1),=,320.0,1.0,Delta,19,T19R + Δ156-157 + R158G + T274I + L452R + T478K + P681R + D950N,1,,,
Valleriani21,10.3390/v13102011,Virus isolate,Figure 1B; Figure 2B,None,BNT162b2,2,1m,Human,Wild Type (B.1),=,320.0,1.0,Delta,19,T19R + Δ156-157 + R158G + T274I + L452R + T478K + P681R + D950N,1,,,
Valleriani21,10.3390/v13102011,Virus isolate,Figure 1B; Figure 2B,None,BNT162b2,2,1m,Human,Wild Type (B.1),=,320.0,1.0,Delta,19,T19R + Δ156-157 + R158G + T274I + L452R + T478K + P681R + D950N,1,,,
Valleriani21,10.3390/v13102011,Virus isolate,Figure 1B; Figure 2B,None,BNT162b2,2,1m,Human,Wild Type (B.1),=,160.0,1.0,Delta,19,T19R + Δ156-157 + R158G + T274I + L452R + T478K + P681R + D950N,1,,,
Valleriani21,10.3390/v13102011,Virus isolate,Figure 1B; Figure 2B,None,BNT162b2,2,1m,Human,Wild Type (B.1),=,160.0,1.0,Delta,19,T19R + Δ156-157 + R158G + T274I + L452R + T478K + P681R + D950N,1,,,
Valleriani21,10.3390/v13102011,Virus isolate,Figure 1B; Figure 2B,None,BNT162b2,2,1m,Human,Wild Type (B.1),=,160.0,1.0,Delta,19,T19R + Δ156-157 + R158G + T274I + L452R + T478K + P681R + D950N,1,,,
Valleriani21,10.3390/v13102011,Virus isolate,Figure 1B; Figure 2B,None,BNT162b2,2,1m,Human,Wild Type (B.1),=,160.0,1.0,Delta,19,T19R + Δ156-157 + R158G + T274I + L452R + T478K + P681R + D950N,1,,,
Valleriani21,10.3390/v13102011,Virus isolate,Figure 1B; Figure 2B,None,BNT162b2,2,1m,Human,Wild Type (B.1),=,160.0,1.0,Delta,19,T19R + Δ156-157 + R158G + T274I + L452R + T478K + P681R + D950N,1,,,
Valleriani21,10.3390/v13102011,Virus isolate,Figure 1B; Figure 2B,None,BNT162b2,2,1m,Human,Wild Type (B.1),=,160.0,1.0,Delta,19,T19R + Δ156-157 + R158G + T274I + L452R + T478K + P681R + D950N,1,,,
Valleriani21,10.3390/v13102011,Virus isolate,Figure 1B; Figure 2B,None,BNT162b2,2,1m,Human,Wild Type (B.1),=,160.0,1.0,Delta,19,T19R + Δ156-157 + R158G + T274I + L452R + T478K + P681R + D950N,1,,,
Valleriani21,10.3390/v13102011,Virus isolate,Figure 1B; Figure 2B,None,BNT162b2,2,1m,Human,Wild Type (B.1),=,160.0,1.0,Delta,19,T19R + Δ156-157 + R158G + T274I + L452R + T478K + P681R + D950N,1,,,
Valleriani21,10.3390/v13102011,Virus isolate,Figure 1B; Figure 2B,None,BNT162b2,2,1m,Human,Wild Type (B.1),=,160.0,1.0,Delta,19,T19R + Δ156-157 + R158G + T274I + L452R + T478K + P681R + D950N,1,,,
Valleriani21,10.3390/v13102011,Virus isolate,Figure 1B; Figure 2B,None,BNT162b2,2,1m,Human,Wild Type (B.1),=,160.0,1.0,Delta,19,T19R + Δ156-157 + R158G + T274I + L452R + T478K + P681R + D950N,1,,,
Valleriani21,10.3390/v13102011,Virus isolate,Figure 1B; Figure 2B,None,BNT162b2,2,1m,Human,Wild Type (B.1),=,160.0,1.0,Delta,19,T19R + Δ156-157 + R158G + T274I + L452R + T478K + P681R + D950N,1,,,
Valleriani21,10.3390/v13102011,Virus isolate,Figure 1B; Figure 2B,None,BNT162b2,2,1m,Human,Wild Type (B.1),=,160.0,1.0,Delta,19,T19R + Δ156-157 + R158G + T274I + L452R + T478K + P681R + D950N,1,,,
Valleriani21,10.3390/v13102011,Virus isolate,Figure 1B; Figure 2B,None,BNT162b2,2,1m,Human,Wild Type (B.1),=,160.0,1.0,Delta,19,T19R + Δ156-157 + R158G + T274I + L452R + T478K + P681R + D950N,1,,,
Valleriani21,10.3390/v13102011,Virus isolate,Figure 1B; Figure 2B,None,BNT162b2,2,1m,Human,Wild Type (B.1),=,160.0,1.0,Delta,19,T19R + Δ156-157 + R158G + T274I + L452R + T478K + P681R + D950N,1,,,
Valleriani21,10.3390/v13102011,Virus isolate,Figure 1B; Figure 2B,None,BNT162b2,2,1m,Human,Wild Type (B.1),=,80.0,1.0,Delta,19,T19R + Δ156-157 + R158G + T274I + L452R + T478K + P681R + D950N,1,,,
Valleriani21,10.3390/v13102011,Virus isolate,Figure 1B; Figure 2B,None,BNT162b2,2,1m,Human,Wild Type (B.1),=,80.0,1.0,Delta,19,T19R + Δ156-157 + R158G + T274I + L452R + T478K + P681R + D950N,1,,,
Valleriani21,10.3390/v13102011,Virus isolate,Figure 1B; Figure 2B,None,BNT162b2,2,1m,Human,Wild Type (B.1),=,80.0,1.0,Delta,19,T19R + Δ156-157 + R158G + T274I + L452R + T478K + P681R + D950N,1,,,
Valleriani21,10.3390/v13102011,Virus isolate,Figure 1B; Figure 2B,None,BNT162b2,2,1m,Human,Wild Type (B.1),,,,Delta,19,T19R + Δ156-157 + R158G + T274I + L452R + T478K + P681R + D950N,1,=,640.0,1.0
Valleriani21,10.3390/v13102011,Virus isolate,Figure 1B; Figure 2B,None,BNT162b2,2,1m,Human,Wild Type (B.1),,,,Delta,19,T19R + Δ156-157 + R158G + T274I + L452R + T478K + P681R + D950N,1,=,640.0,1.0
Valleriani21,10.3390/v13102011,Virus isolate,Figure 1B; Figure 2B,None,BNT162b2,2,1m,Human,Wild Type (B.1),,,,Delta,19,T19R + Δ156-157 + R158G + T274I + L452R + T478K + P681R + D950N,1,=,320.0,1.0
Valleriani21,10.3390/v13102011,Virus isolate,Figure 1B; Figure 2B,None,BNT162b2,2,1m,Human,Wild Type (B.1),,,,Delta,19,T19R + Δ156-157 + R158G + T274I + L452R + T478K + P681R + D950N,1,=,320.0,1.0
Valleriani21,10.3390/v13102011,Virus isolate,Figure 1B; Figure 2B,None,BNT162b2,2,1m,Human,Wild Type (B.1),,,,Delta,19,T19R + Δ156-157 + R158G + T274I + L452R + T478K + P681R + D950N,1,=,320.0,1.0
Valleriani21,10.3390/v13102011,Virus isolate,Figure 1B; Figure 2B,None,BNT162b2,2,1m,Human,Wild Type (B.1),,,,Delta,19,T19R + Δ156-157 + R158G + T274I + L452R + T478K + P681R + D950N,1,=,320.0,1.0
Valleriani21,10.3390/v13102011,Virus isolate,Figure 1B; Figure 2B,None,BNT162b2,2,1m,Human,Wild Type (B.1),,,,Delta,19,T19R + Δ156-157 + R158G + T274I + L452R + T478K + P681R + D950N,1,=,320.0,1.0
Valleriani21,10.3390/v13102011,Virus isolate,Figure 1B; Figure 2B,None,BNT162b2,2,1m,Human,Wild Type (B.1),,,,Delta,19,T19R + Δ156-157 + R158G + T274I + L452R + T478K + P681R + D950N,1,=,320.0,1.0
Valleriani21,10.3390/v13102011,Virus isolate,Figure 1B; Figure 2B,None,BNT162b2,2,1m,Human,Wild Type (B.1),,,,Delta,19,T19R + Δ156-157 + R158G + T274I + L452R + T478K + P681R + D950N,1,=,160.0,1.0
Valleriani21,10.3390/v13102011,Virus isolate,Figure 1B; Figure 2B,None,BNT162b2,2,1m,Human,Wild Type (B.1),,,,Delta,19,T19R + Δ156-157 + R158G + T274I + L452R + T478K + P681R + D950N,1,=,160.0,1.0
Valleriani21,10.3390/v13102011,Virus isolate,Figure 1B; Figure 2B,None,BNT162b2,2,1m,Human,Wild Type (B.1),,,,Delta,19,T19R + Δ156-157 + R158G + T274I + L452R + T478K + P681R + D950N,1,=,160.0,1.0
Valleriani21,10.3390/v13102011,Virus isolate,Figure 1B; Figure 2B,None,BNT162b2,2,1m,Human,Wild Type (B.1),,,,Delta,19,T19R + Δ156-157 + R158G + T274I + L452R + T478K + P681R + D950N,1,=,160.0,1.0
Valleriani21,10.3390/v13102011,Virus isolate,Figure 1B; Figure 2B,None,BNT162b2,2,1m,Human,Wild Type (B.1),,,,Delta,19,T19R + Δ156-157 + R158G + T274I + L452R + T478K + P681R + D950N,1,=,160.0,1.0
Valleriani21,10.3390/v13102011,Virus isolate,Figure 1B; Figure 2B,None,BNT162b2,2,1m,Human,Wild Type (B.1),,,,Delta,19,T19R + Δ156-157 + R158G + T274I + L452R + T478K + P681R + D950N,1,=,160.0,1.0
Valleriani21,10.3390/v13102011,Virus isolate,Figure 1B; Figure 2B,None,BNT162b2,2,1m,Human,Wild Type (B.1),,,,Delta,19,T19R + Δ156-157 + R158G + T274I + L452R + T478K + P681R + D950N,1,=,160.0,1.0
Valleriani21,10.3390/v13102011,Virus isolate,Figure 1B; Figure 2B,None,BNT162b2,2,1m,Human,Wild Type (B.1),,,,Delta,19,T19R + Δ156-157 + R158G + T274I + L452R + T478K + P681R + D950N,1,=,160.0,1.0
Valleriani21,10.3390/v13102011,Virus isolate,Figure 1B; Figure 2B,None,BNT162b2,2,1m,Human,Wild Type (B.1),,,,Delta,19,T19R + Δ156-157 + R158G + T274I + L452R + T478K + P681R + D950N,1,=,160.0,1.0
Valleriani21,10.3390/v13102011,Virus isolate,Figure 1B; Figure 2B,None,BNT162b2,2,1m,Human,Wild Type (B.1),,,,Delta,19,T19R + Δ156-157 + R158G + T274I + L452R + T478K + P681R + D950N,1,=,160.0,1.0
Valleriani21,10.3390/v13102011,Virus isolate,Figure 1B; Figure 2B,None,BNT162b2,2,1m,Human,Wild Type (B.1),,,,Delta,19,T19R + Δ156-157 + R158G + T274I + L452R + T478K + P681R + D950N,1,=,80.0,1.0
Valleriani21,10.3390/v13102011,Virus isolate,Figure 1B; Figure 2B,None,BNT162b2,2,1m,Human,Wild Type (B.1),,,,Delta,19,T19R + Δ156-157 + R158G + T274I + L452R + T478K + P681R + D950N,1,=,80.0,1.0
Valleriani21,10.3390/v13102011,Virus isolate,Figure 1B; Figure 2B,None,BNT162b2,2,1m,Human,Wild Type (B.1),,,,Delta,19,T19R + Δ156-157 + R158G + T274I + L452R + T478K + P681R + D950N,1,=,80.0,1.0
Valleriani21,10.3390/v13102011,Virus isolate,Figure 1B; Figure 2B,None,BNT162b2,2,1m,Human,Wild Type (B.1),,,,Delta,19,T19R + Δ156-157 + R158G + T274I + L452R + T478K + P681R + D950N,1,=,80.0,1.0
Valleriani21,10.3390/v13102011,Virus isolate,Figure 1B; Figure 2B,None,BNT162b2,2,1m,Human,Wild Type (B.1),,,,Delta,19,T19R + Δ156-157 + R158G + T274I + L452R + T478K + P681R + D950N,1,=,80.0,1.0
Valleriani21,10.3390/v13102011,Virus isolate,Figure 1B; Figure 2B,None,BNT162b2,2,1m,Human,Wild Type (B.1),,,,Delta,19,T19R + Δ156-157 + R158G + T274I + L452R + T478K + P681R + D950N,1,=,80.0,1.0
Valleriani21,10.3390/v13102011,Virus isolate,Figure 1B; Figure 2B,None,BNT162b2,2,1m,Human,Wild Type (B.1),,,,Delta,19,T19R + Δ156-157 + R158G + T274I + L452R + T478K + P681R + D950N,1,=,80.0,1.0
Valleriani21,10.3390/v13102011,Virus isolate,Figure 1B; Figure 2B,None,BNT162b2,2,1m,Human,Wild Type (B.1),,,,Delta,19,T19R + Δ156-157 + R158G + T274I + L452R + T478K + P681R + D950N,1,=,80.0,1.0
Valleriani21,10.3390/v13102011,Virus isolate,Figure 1B; Figure 2B,None,BNT162b2,2,1m,Human,Wild Type (B.1),,,,Delta,19,T19R + Δ156-157 + R158G + T274I + L452R + T478K + P681R + D950N,1,=,80.0,1.0
Valleriani21,10.3390/v13102011,Virus isolate,Figure 1B; Figure 2B,None,BNT162b2,2,1m,Human,Wild Type (B.1),,,,Delta,19,T19R + Δ156-157 + R158G + T274I + L452R + T478K + P681R + D950N,1,=,40.0,1.0
Valleriani21,10.3390/v13102011,Virus isolate,Figure 1B; Figure 2B,None,BNT162b2,2,1m,Human,Wild Type (B.1),,,,Delta,19,T19R + Δ156-157 + R158G + T274I + L452R + T478K + P681R + D950N,1,=,40.0,1.0
Valleriani21,10.3390/v13102011,Virus isolate,Figure 1B; Figure 2B,None,BNT162b2,2,1m,Human,Wild Type (B.1),,,,Delta,19,T19R + Δ156-157 + R158G + T274I + L452R + T478K + P681R + D950N,1,=,20.0,1.0
Valleriani21,10.3390/v13102011,Virus isolate,Figure 1B; Figure 2B,None,BNT162b2,2,1m,Human,Wild Type (B.1),,,,Delta,19,T19R + Δ156-157 + R158G + T274I + L452R + T478K + P681R + D950N,1,=,320.0,1.0
Valleriani21,10.3390/v13102011,Virus isolate,Figure 1B; Figure 2B,None,BNT162b2,2,1m,Human,Wild Type (B.1),,,,Delta,19,T19R + Δ156-157 + R158G + T274I + L452R + T478K + P681R + D950N,1,=,80.0,1.0
Valleriani21,10.3390/v13102011,Virus isolate,Figure 1B; Figure 2B,None,BNT162b2,2,1m,Human,Wild Type (B.1),,,,Delta,19,T19R + Δ156-157 + R158G + T274I + L452R + T478K + P681R + D950N,1,=,80.0,1.0
Valleriani21,10.3390/v13102011,Virus isolate,Figure 1B; Figure 2B,None,BNT162b2,2,1m,Human,Wild Type (B.1),,,,Delta,19,T19R + Δ156-157 + R158G + T274I + L452R + T478K + P681R + D950N,1,=,40.0,1.0
Valleriani21,10.3390/v13102011,Virus isolate,Figure 1B; Figure 2B,None,BNT162b2,2,1m,Human,Wild Type (B.1),,,,Delta,19,T19R + Δ156-157 + R158G + T274I + L452R + T478K + P681R + D950N,1,=,20.0,1.0
Valleriani21,10.3390/v13102011,Virus isolate,Figure 1B; Figure 2B,None,BNT162b2,2,1m,Human,Wild Type (B.1),,,,Delta,19,T19R + Δ156-157 + R158G + T274I + L452R + T478K + P681R + D950N,1,=,20.0,1.0