Reference,Reference: DOI,Assay,Section,Infection (CP),Months,Host,Control,Control: NT50 Cmp,Control: NT50 GeoMean,Control: NT50 GSD,Variant,Variant: Pos,Variant: Mutations,# Results,Potency: NT50 Cmp,Potency: NT50 GeoMean,Potency: NT50 GSD
Tada21,10.1128/mBio.00696-21,Pseudovirus (HIV),Figure 2D,Wild Type,1m,Human,Wild Type (B.1),=,133.0,1.0,Gamma,18,L18F + T20N + P26S + D138Y + R190S + K417T + E484K + N501Y + H655Y + T1027I + V1176F,1,,,
Tada21,10.1128/mBio.00696-21,Pseudovirus (HIV),Figure 2D,Wild Type,1m,Human,Wild Type (B.1),=,492.0,1.0,Gamma,18,L18F + T20N + P26S + D138Y + R190S + K417T + E484K + N501Y + H655Y + T1027I + V1176F,1,,,
Tada21,10.1128/mBio.00696-21,Pseudovirus (HIV),Figure 2D,Wild Type,1m,Human,Wild Type (B.1),=,237.0,1.0,Gamma,18,L18F + T20N + P26S + D138Y + R190S + K417T + E484K + N501Y + H655Y + T1027I + V1176F,1,,,
Tada21,10.1128/mBio.00696-21,Pseudovirus (HIV),Figure 2D,Wild Type,1m,Human,Wild Type (B.1),=,342.0,1.0,Gamma,18,L18F + T20N + P26S + D138Y + R190S + K417T + E484K + N501Y + H655Y + T1027I + V1176F,1,,,
Tada21,10.1128/mBio.00696-21,Pseudovirus (HIV),Figure 2D,Wild Type,1m,Human,Wild Type (B.1),=,239.0,1.0,Gamma,18,L18F + T20N + P26S + D138Y + R190S + K417T + E484K + N501Y + H655Y + T1027I + V1176F,1,,,
Tada21,10.1128/mBio.00696-21,Pseudovirus (HIV),Figure 2D,Wild Type,1m,Human,Wild Type (B.1),=,340.0,1.0,Gamma,18,L18F + T20N + P26S + D138Y + R190S + K417T + E484K + N501Y + H655Y + T1027I + V1176F,1,,,
Tada21,10.1128/mBio.00696-21,Pseudovirus (HIV),Figure 2D,Wild Type,1m,Human,Wild Type (B.1),=,276.0,1.0,Gamma,18,L18F + T20N + P26S + D138Y + R190S + K417T + E484K + N501Y + H655Y + T1027I + V1176F,1,,,
Tada21,10.1128/mBio.00696-21,Pseudovirus (HIV),Figure 2D,Wild Type,1m,Human,Wild Type (B.1),=,365.0,1.0,Gamma,18,L18F + T20N + P26S + D138Y + R190S + K417T + E484K + N501Y + H655Y + T1027I + V1176F,1,,,
Tada21,10.1128/mBio.00696-21,Pseudovirus (HIV),Figure 2D,Wild Type,1m,Human,Wild Type (B.1),=,380.0,1.0,Gamma,18,L18F + T20N + P26S + D138Y + R190S + K417T + E484K + N501Y + H655Y + T1027I + V1176F,1,,,
Tada21,10.1128/mBio.00696-21,Pseudovirus (HIV),Figure 2D,Wild Type,1m,Human,Wild Type (B.1),=,430.0,1.0,Gamma,18,L18F + T20N + P26S + D138Y + R190S + K417T + E484K + N501Y + H655Y + T1027I + V1176F,1,,,
Tada21,10.1128/mBio.00696-21,Pseudovirus (HIV),Figure 2D,Wild Type,1m,Human,Wild Type (B.1),=,256.0,1.0,Gamma,18,L18F + T20N + P26S + D138Y + R190S + K417T + E484K + N501Y + H655Y + T1027I + V1176F,1,,,
Tada21,10.1128/mBio.00696-21,Pseudovirus (HIV),Figure 2D,Wild Type,1m,Human,Wild Type (B.1),=,135.0,1.0,Gamma,18,L18F + T20N + P26S + D138Y + R190S + K417T + E484K + N501Y + H655Y + T1027I + V1176F,1,,,
Tada21,10.1128/mBio.00696-21,Pseudovirus (HIV),Figure 2D,Wild Type,1m,Human,Wild Type (B.1),=,102.0,1.0,Gamma,18,L18F + T20N + P26S + D138Y + R190S + K417T + E484K + N501Y + H655Y + T1027I + V1176F,1,,,
Tada21,10.1128/mBio.00696-21,Pseudovirus (HIV),Figure 2D,Wild Type,1m,Human,Wild Type (B.1),=,392.0,1.0,Gamma,18,L18F + T20N + P26S + D138Y + R190S + K417T + E484K + N501Y + H655Y + T1027I + V1176F,1,,,
Tada21,10.1128/mBio.00696-21,Pseudovirus (HIV),Figure 2D,Wild Type,1m,Human,Wild Type (B.1),=,190.0,1.0,Gamma,18,L18F + T20N + P26S + D138Y + R190S + K417T + E484K + N501Y + H655Y + T1027I + V1176F,1,,,
Tada21,10.1128/mBio.00696-21,Pseudovirus (HIV),Figure 2D,Wild Type,1m,Human,Wild Type (B.1),=,216.0,1.0,Gamma,18,L18F + T20N + P26S + D138Y + R190S + K417T + E484K + N501Y + H655Y + T1027I + V1176F,1,,,
Tada21,10.1128/mBio.00696-21,Pseudovirus (HIV),Figure 2D,Wild Type,1m,Human,Wild Type (B.1),=,164.0,1.0,Gamma,18,L18F + T20N + P26S + D138Y + R190S + K417T + E484K + N501Y + H655Y + T1027I + V1176F,1,,,
Tada21,10.1128/mBio.00696-21,Pseudovirus (HIV),Figure 2D,Wild Type,1m,Human,Wild Type (B.1),=,41.0,1.0,Gamma,18,L18F + T20N + P26S + D138Y + R190S + K417T + E484K + N501Y + H655Y + T1027I + V1176F,1,,,
Tada21,10.1128/mBio.00696-21,Pseudovirus (HIV),Figure 2D,Wild Type,1m,Human,Wild Type (B.1),=,35.0,1.0,Gamma,18,L18F + T20N + P26S + D138Y + R190S + K417T + E484K + N501Y + H655Y + T1027I + V1176F,1,,,
Tada21,10.1128/mBio.00696-21,Pseudovirus (HIV),Figure 2D,Wild Type,1m,Human,Wild Type (B.1),=,114.0,1.0,Gamma,18,L18F + T20N + P26S + D138Y + R190S + K417T + E484K + N501Y + H655Y + T1027I + V1176F,1,,,
Tada21,10.1128/mBio.00696-21,Pseudovirus (HIV),Figure 2D,Wild Type,1m,Human,Wild Type (B.1),=,218.0,1.0,Gamma,18,L18F + T20N + P26S + D138Y + R190S + K417T + E484K + N501Y + H655Y + T1027I + V1176F,1,,,
Tada21,10.1128/mBio.00696-21,Pseudovirus (HIV),Figure 2D,Wild Type,1m,Human,Wild Type (B.1),=,227.0,1.0,Gamma,18,L18F + T20N + P26S + D138Y + R190S + K417T + E484K + N501Y + H655Y + T1027I + V1176F,1,,,
Tada21,10.1128/mBio.00696-21,Pseudovirus (HIV),Figure 2D,Wild Type,1m,Human,Wild Type (B.1),=,96.0,1.0,Gamma,18,L18F + T20N + P26S + D138Y + R190S + K417T + E484K + N501Y + H655Y + T1027I + V1176F,1,,,
Tada21,10.1128/mBio.00696-21,Pseudovirus (HIV),Figure 2D,Wild Type,1m,Human,Wild Type (B.1),=,184.0,1.0,Gamma,18,L18F + T20N + P26S + D138Y + R190S + K417T + E484K + N501Y + H655Y + T1027I + V1176F,1,,,
Tada21,10.1128/mBio.00696-21,Pseudovirus (HIV),Figure 2D,Wild Type,1m,Human,Wild Type (B.1),=,170.0,1.0,Gamma,18,L18F + T20N + P26S + D138Y + R190S + K417T + E484K + N501Y + H655Y + T1027I + V1176F,1,,,
Tada21,10.1128/mBio.00696-21,Pseudovirus (HIV),Figure 2D,Wild Type,1m,Human,Wild Type (B.1),=,139.0,1.0,Gamma,18,L18F + T20N + P26S + D138Y + R190S + K417T + E484K + N501Y + H655Y + T1027I + V1176F,1,,,
Tada21,10.1128/mBio.00696-21,Pseudovirus (HIV),Figure 2D,Wild Type,1m,Human,Wild Type (B.1),=,214.0,1.0,Gamma,18,L18F + T20N + P26S + D138Y + R190S + K417T + E484K + N501Y + H655Y + T1027I + V1176F,1,,,
Tada21,10.1128/mBio.00696-21,Pseudovirus (HIV),Figure 2D,Wild Type,1m,Human,Wild Type (B.1),=,161.0,1.0,Gamma,18,L18F + T20N + P26S + D138Y + R190S + K417T + E484K + N501Y + H655Y + T1027I + V1176F,1,,,
Tada21,10.1128/mBio.00696-21,Pseudovirus (HIV),Figure 2D,Wild Type,1m,Human,Wild Type (B.1),=,166.0,1.0,Gamma,18,L18F + T20N + P26S + D138Y + R190S + K417T + E484K + N501Y + H655Y + T1027I + V1176F,1,,,
Tada21,10.1128/mBio.00696-21,Pseudovirus (HIV),Figure 2D,Wild Type,1m,Human,Wild Type (B.1),=,191.0,1.0,Gamma,18,L18F + T20N + P26S + D138Y + R190S + K417T + E484K + N501Y + H655Y + T1027I + V1176F,1,,,
Tada21,10.1128/mBio.00696-21,Pseudovirus (HIV),Figure 2D,Wild Type,1m,Human,Wild Type (B.1),=,294.0,1.0,Gamma,18,L18F + T20N + P26S + D138Y + R190S + K417T + E484K + N501Y + H655Y + T1027I + V1176F,1,,,
Tada21,10.1128/mBio.00696-21,Pseudovirus (HIV),Figure 2D,Wild Type,1m,Human,Wild Type (B.1),=,151.0,1.0,Gamma,18,L18F + T20N + P26S + D138Y + R190S + K417T + E484K + N501Y + H655Y + T1027I + V1176F,1,,,
Tada21,10.1128/mBio.00696-21,Pseudovirus (HIV),Figure 2D,Wild Type,1m,Human,Wild Type (B.1),=,65.0,1.0,Gamma,18,L18F + T20N + P26S + D138Y + R190S + K417T + E484K + N501Y + H655Y + T1027I + V1176F,1,,,
Tada21,10.1128/mBio.00696-21,Pseudovirus (HIV),Figure 2D,Wild Type,1m,Human,Wild Type (B.1),=,42.0,1.0,Gamma,18,L18F + T20N + P26S + D138Y + R190S + K417T + E484K + N501Y + H655Y + T1027I + V1176F,1,,,
Tada21,10.1128/mBio.00696-21,Pseudovirus (HIV),Figure 2D,Wild Type,1m,Human,Wild Type (B.1),=,88.0,1.0,Gamma,18,L18F + T20N + P26S + D138Y + R190S + K417T + E484K + N501Y + H655Y + T1027I + V1176F,1,,,
Tada21,10.1128/mBio.00696-21,Pseudovirus (HIV),Figure 2D,Wild Type,1m,Human,Wild Type (B.1),=,46.0,1.0,Gamma,18,L18F + T20N + P26S + D138Y + R190S + K417T + E484K + N501Y + H655Y + T1027I + V1176F,1,,,
Tada21,10.1128/mBio.00696-21,Pseudovirus (HIV),Figure 2D,Wild Type,1m,Human,Wild Type (B.1),=,109.0,1.0,Gamma,18,L18F + T20N + P26S + D138Y + R190S + K417T + E484K + N501Y + H655Y + T1027I + V1176F,1,,,
Tada21,10.1128/mBio.00696-21,Pseudovirus (HIV),Figure 2D,Wild Type,1m,Human,Wild Type (B.1),=,123.0,1.0,Gamma,18,L18F + T20N + P26S + D138Y + R190S + K417T + E484K + N501Y + H655Y + T1027I + V1176F,1,,,
Tada21,10.1128/mBio.00696-21,Pseudovirus (HIV),Figure 2D,Wild Type,1m,Human,Wild Type (B.1),=,190.0,1.0,Gamma,18,L18F + T20N + P26S + D138Y + R190S + K417T + E484K + N501Y + H655Y + T1027I + V1176F,1,,,
Tada21,10.1128/mBio.00696-21,Pseudovirus (HIV),Figure 2D,Wild Type,1m,Human,Wild Type (B.1),=,124.0,1.0,Gamma,18,L18F + T20N + P26S + D138Y + R190S + K417T + E484K + N501Y + H655Y + T1027I + V1176F,1,,,
Tada21,10.1128/mBio.00696-21,Pseudovirus (HIV),Figure 2D,Wild Type,1m,Human,Wild Type (B.1),=,190.0,1.0,Gamma,18,L18F + T20N + P26S + D138Y + R190S + K417T + E484K + N501Y + H655Y + T1027I + V1176F,1,,,
Tada21,10.1128/mBio.00696-21,Pseudovirus (HIV),Figure 2D,Wild Type,1m,Human,Wild Type (B.1),=,148.0,1.0,Gamma,18,L18F + T20N + P26S + D138Y + R190S + K417T + E484K + N501Y + H655Y + T1027I + V1176F,1,,,
Tada21,10.1128/mBio.00696-21,Pseudovirus (HIV),Figure 2D,Wild Type,1m,Human,Wild Type (B.1),=,262.0,1.0,Gamma,18,L18F + T20N + P26S + D138Y + R190S + K417T + E484K + N501Y + H655Y + T1027I + V1176F,1,,,
Tada21,10.1128/mBio.00696-21,Pseudovirus (HIV),Figure 2D,Wild Type,1m,Human,Wild Type (B.1),=,121.0,1.0,Gamma,18,L18F + T20N + P26S + D138Y + R190S + K417T + E484K + N501Y + H655Y + T1027I + V1176F,1,,,
Tada21,10.1128/mBio.00696-21,Pseudovirus (HIV),Figure 2D,Wild Type,1m,Human,Wild Type (B.1),=,492.0,1.0,Gamma,18,L18F + T20N + P26S + D138Y + R190S + K417T + E484K + N501Y + H655Y + T1027I + V1176F,1,,,
Tada21,10.1128/mBio.00696-21,Pseudovirus (HIV),Figure 2D,Wild Type,1m,Human,Wild Type (B.1),=,205.0,1.0,Gamma,18,L18F + T20N + P26S + D138Y + R190S + K417T + E484K + N501Y + H655Y + T1027I + V1176F,1,,,
Tada21,10.1128/mBio.00696-21,Pseudovirus (HIV),Figure 2D,Wild Type,1m,Human,Wild Type (B.1),=,536.0,1.0,Gamma,18,L18F + T20N + P26S + D138Y + R190S + K417T + E484K + N501Y + H655Y + T1027I + V1176F,1,,,
Tada21,10.1128/mBio.00696-21,Pseudovirus (HIV),Figure 2D,Wild Type,1m,Human,Wild Type (B.1),=,98.0,1.0,Gamma,18,L18F + T20N + P26S + D138Y + R190S + K417T + E484K + N501Y + H655Y + T1027I + V1176F,1,,,
Tada21,10.1128/mBio.00696-21,Pseudovirus (HIV),Figure 2D,Wild Type,1m,Human,Wild Type (B.1),=,228.0,1.0,Gamma,18,L18F + T20N + P26S + D138Y + R190S + K417T + E484K + N501Y + H655Y + T1027I + V1176F,1,,,
Tada21,10.1128/mBio.00696-21,Pseudovirus (HIV),Figure 2D,Wild Type,1m,Human,Wild Type (B.1),=,349.0,1.0,Gamma,18,L18F + T20N + P26S + D138Y + R190S + K417T + E484K + N501Y + H655Y + T1027I + V1176F,1,,,
Tada21,10.1128/mBio.00696-21,Pseudovirus (HIV),Figure 2D,Wild Type,1m,Human,Wild Type (B.1),=,290.0,1.0,Gamma,18,L18F + T20N + P26S + D138Y + R190S + K417T + E484K + N501Y + H655Y + T1027I + V1176F,1,,,
Tada21,10.1128/mBio.00696-21,Pseudovirus (HIV),Figure 2D,Wild Type,1m,Human,Wild Type (B.1),=,261.0,1.0,Gamma,18,L18F + T20N + P26S + D138Y + R190S + K417T + E484K + N501Y + H655Y + T1027I + V1176F,1,,,
Tada21,10.1128/mBio.00696-21,Pseudovirus (HIV),Figure 2D,Wild Type,1m,Human,Wild Type (B.1),=,424.0,1.0,Gamma,18,L18F + T20N + P26S + D138Y + R190S + K417T + E484K + N501Y + H655Y + T1027I + V1176F,1,,,
Tada21,10.1128/mBio.00696-21,Pseudovirus (HIV),Figure 2D,Wild Type,1m,Human,Wild Type (B.1),,,,Gamma,18,L18F + T20N + P26S + D138Y + R190S + K417T + E484K + N501Y + H655Y + T1027I + V1176F,1,=,139.0,1.0
Tada21,10.1128/mBio.00696-21,Pseudovirus (HIV),Figure 2D,Wild Type,1m,Human,Wild Type (B.1),,,,Gamma,18,L18F + T20N + P26S + D138Y + R190S + K417T + E484K + N501Y + H655Y + T1027I + V1176F,1,=,111.0,1.0
Tada21,10.1128/mBio.00696-21,Pseudovirus (HIV),Figure 2D,Wild Type,1m,Human,Wild Type (B.1),,,,Gamma,18,L18F + T20N + P26S + D138Y + R190S + K417T + E484K + N501Y + H655Y + T1027I + V1176F,1,=,100.0,1.0
Tada21,10.1128/mBio.00696-21,Pseudovirus (HIV),Figure 2D,Wild Type,1m,Human,Wild Type (B.1),,,,Gamma,18,L18F + T20N + P26S + D138Y + R190S + K417T + E484K + N501Y + H655Y + T1027I + V1176F,1,=,143.0,1.0
Tada21,10.1128/mBio.00696-21,Pseudovirus (HIV),Figure 2D,Wild Type,1m,Human,Wild Type (B.1),,,,Gamma,18,L18F + T20N + P26S + D138Y + R190S + K417T + E484K + N501Y + H655Y + T1027I + V1176F,1,=,133.0,1.0
Tada21,10.1128/mBio.00696-21,Pseudovirus (HIV),Figure 2D,Wild Type,1m,Human,Wild Type (B.1),,,,Gamma,18,L18F + T20N + P26S + D138Y + R190S + K417T + E484K + N501Y + H655Y + T1027I + V1176F,1,=,230.0,1.0
Tada21,10.1128/mBio.00696-21,Pseudovirus (HIV),Figure 2D,Wild Type,1m,Human,Wild Type (B.1),,,,Gamma,18,L18F + T20N + P26S + D138Y + R190S + K417T + E484K + N501Y + H655Y + T1027I + V1176F,1,=,245.0,1.0
Tada21,10.1128/mBio.00696-21,Pseudovirus (HIV),Figure 2D,Wild Type,1m,Human,Wild Type (B.1),,,,Gamma,18,L18F + T20N + P26S + D138Y + R190S + K417T + E484K + N501Y + H655Y + T1027I + V1176F,1,=,266.0,1.0
Tada21,10.1128/mBio.00696-21,Pseudovirus (HIV),Figure 2D,Wild Type,1m,Human,Wild Type (B.1),,,,Gamma,18,L18F + T20N + P26S + D138Y + R190S + K417T + E484K + N501Y + H655Y + T1027I + V1176F,1,=,278.0,1.0
Tada21,10.1128/mBio.00696-21,Pseudovirus (HIV),Figure 2D,Wild Type,1m,Human,Wild Type (B.1),,,,Gamma,18,L18F + T20N + P26S + D138Y + R190S + K417T + E484K + N501Y + H655Y + T1027I + V1176F,1,=,303.0,1.0