,Name,base_voc,All mutations,Background Mutations,Additional mutations
0,WuG,WuG,{'D614G'},{'D614G'},
1,Alpha,WuG,"{'N501Y', 'Y144del', 'D614G', 'P681H', 'S982A', 'H69del', 'A570D', 'T716I', 'D1118H', 'V70del'}",{'D614G'},"N501Y,Y144del,P681H,S982A,H69del,A570D,T716I,D1118H,V70del"
2,Beta,WuG,"{'N501Y', 'L241del', 'D614G', 'D215G', 'L18F', 'E484K', 'L242del', 'D80A', 'A701V', 'K417N', 'A243del'}",{'D614G'},"N501Y,L241del,D215G,L18F,E484K,L242del,D80A,A701V,K417N,A243del"
3,Gamma,WuG,"{'N501Y', 'K417T', 'D614G', 'H655Y', 'T1027I', 'R190S', 'T20N', 'L18F', 'E484K', 'D138Y', 'P26S'}",{'D614G'},"N501Y,K417T,H655Y,T1027I,R190S,T20N,L18F,E484K,D138Y,P26S"
4,WuG-4a,WuG,"{'Y473F', 'D614G', 'T76I', 'Q493R', 'M153S'}",{'D614G'},"T76I,M153S,Y473F,Q493R"
5,WuG-5a,WuG,"{'Y473F', 'D614G', 'T76I', 'Q493R', 'N481T', 'M153S'}",{'D614G'},"Y473F,T76I,Q493R,N481T,M153S"
6,WuG-2a,WuG,"{'T478K', 'R346T', 'D614G'}",{'D614G'},"T478K,R346T"
7,WuG-2b,WuG,"{'D614G', 'R346T', 'S494R'}",{'D614G'},"R346T,S494R"
8,WuG-2c,WuG,"{'D614G', 'R346T', 'K417V'}",{'D614G'},"R346T,K417V"
9,WuG-2d,WuG,"{'K147N', 'K417V', 'D614G'}",{'D614G'},"K147N,K417V"
10,Delta,WuG,"{'T19R', 'L452R', 'G142D', 'E156G', 'T478K', 'D614G', 'F157del', 'D950N', 'P681R', 'R158del'}",{'D614G'},"T19R,L452R,G142D,E156G,T478K,F157del,D950N,P681R,R158del"
11,BA.1,WuG,"{'N764K', 'S477N', 'V143del', 'N440K', 'H655Y', 'S373P', 'G339D', 'Rins214EPE', 'T95I', 'E484A', 'N211del', 'N969K', 'Y144del', 'Q498R', 'Y505H', 'P681H', 'H69del', 'A67V', 'N856K', 'G496S', 'L981F', 'Y145del', 'S375F', 'T478K', 'N679K', 'D614G', 'G446S', 'Q954H', 'Q493R', 'K417N', 'V70del', 'N501Y', 'G142D', 'T547K', 'S371L', 'D796Y', 'L212I'}",{'D614G'},"N764K,S477N,V143del,N440K,H655Y,S373P,G339D,Rins214EPE,T95I,E484A,N211del,N969K,Y144del,Q498R,Y505H,P681H,H69del,A67V,N856K,G496S,L981F,Y145del,S375F,T478K,N679K,G446S,Q954H,Q493R,K417N,V70del,N501Y,G142D,T547K,S371L,D796Y,L212I"
12,BA.2,WuG,"{'N764K', 'S477N', 'N440K', 'H655Y', 'S373P', 'G339D', 'P25del', 'E484A', 'T19I', 'N969K', 'D405N', 'Q498R', 'Y505H', 'P681H', 'S375F', 'T478K', 'P26del', 'S371F', 'D614G', 'Q954H', 'R408S', 'Q493R', 'L24del', 'K417N', 'N501Y', 'T376A', 'G142D', 'A27S', 'V213G', 'N679K', 'D796Y'}",{'D614G'},"T478K,N764K,P26del,S477N,N440K,H655Y,S371F,S373P,G339D,P25del,Q954H,R408S,Q493R,L24del,K417N,E484A,T19I,N969K,N501Y,D405N,T376A,G142D,Q498R,Y505H,P681H,A27S,V213G,N679K,D796Y,S375F"
13,BA.2.12.1,BA.2.12.1,"{'N764K', 'S477N', 'N440K', 'H655Y', 'S373P', 'G339D', 'P25del', 'E484A', 'T19I', 'N969K', 'D405N', 'Q498R', 'Y505H', 'P681H', 'S375F', 'T478K', 'P26del', 'S371F', 'D614G', 'Q954H', 'R408S', 'Q493R', 'L24del', 'K417N', 'N501Y', 'T376A', 'G142D', 'A27S', 'V213G', 'S704L', 'N679K', 'L452Q', 'D796Y'}","{'N764K', 'S477N', 'N440K', 'H655Y', 'S373P', 'G339D', 'P25del', 'E484A', 'T19I', 'N969K', 'D405N', 'Q498R', 'Y505H', 'P681H', 'S375F', 'T478K', 'P26del', 'S371F', 'D614G', 'Q954H', 'R408S', 'Q493R', 'L24del', 'K417N', 'N501Y', 'T376A', 'G142D', 'A27S', 'V213G', 'S704L', 'N679K', 'L452Q', 'D796Y'}",
14,BA.2.12.1-2c,BA.2.12.1,"{'N764K', 'R346T', 'S477N', 'N440K', 'H655Y', 'S373P', 'G339D', 'P25del', 'E484A', 'T19I', 'S494R', 'N969K', 'D405N', 'Q498R', 'Y505H', 'P681H', 'S375F', 'T478K', 'P26del', 'S371F', 'D614G', 'Q954H', 'R408S', 'Q493R', 'L24del', 'K417N', 'N501Y', 'T376A', 'G142D', 'A27S', 'V213G', 'S704L', 'N679K', 'L452Q', 'D796Y'}","{'N764K', 'S477N', 'N440K', 'H655Y', 'S373P', 'G339D', 'P25del', 'E484A', 'T19I', 'N969K', 'D405N', 'Q498R', 'Y505H', 'P681H', 'S375F', 'T478K', 'P26del', 'S371F', 'D614G', 'Q954H', 'R408S', 'Q493R', 'L24del', 'K417N', 'N501Y', 'T376A', 'G142D', 'A27S', 'V213G', 'S704L', 'N679K', 'L452Q', 'D796Y'}","R346T,S494R"
15,BA.2.12.1-4a,BA.2.12.1,"{'N764K', 'S477N', 'N440K', 'H655Y', 'S373P', 'G339D', 'P25del', 'E484A', 'T19I', 'N969K', 'D405N', 'Y473F', 'Q498R', 'Y505H', 'P681H', 'M153S', 'S375F', 'T478K', 'P26del', 'S371F', 'D614G', 'Q954H', 'R408S', 'Q493R', 'K417N', 'N501Y', 'T376A', 'G142D', 'A27S', 'T76I', 'V213G', 'S704L', 'N679K', 'L452Q', 'D796Y'}","{'N764K', 'S477N', 'N440K', 'H655Y', 'S373P', 'G339D', 'P25del', 'E484A', 'T19I', 'N969K', 'D405N', 'Q498R', 'Y505H', 'P681H', 'S375F', 'T478K', 'P26del', 'S371F', 'D614G', 'Q954H', 'R408S', 'Q493R', 'L24del', 'K417N', 'N501Y', 'T376A', 'G142D', 'A27S', 'V213G', 'S704L', 'N679K', 'L452Q', 'D796Y'}","T76I,M153S,Y473F"
16,BA.2.12.1-4b,BA.2.12.1,"{'N764K', 'S477N', 'N440K', 'H655Y', 'S373P', 'G339D', 'P25del', 'N481T', 'E484A', 'T19I', 'N969K', 'D405N', 'Y473F', 'Q498R', 'Y505H', 'P681H', 'M153S', 'S375F', 'T478K', 'P26del', 'S371F', 'D614G', 'Q954H', 'R408S', 'Q493R', 'L24del', 'K417N', 'N501Y', 'T376A', 'G142D', 'A27S', 'T76I', 'V213G', 'S704L', 'N679K', 'L452Q', 'D796Y'}","{'N764K', 'S477N', 'N440K', 'H655Y', 'S373P', 'G339D', 'P25del', 'E484A', 'T19I', 'N969K', 'D405N', 'Q498R', 'Y505H', 'P681H', 'S375F', 'T478K', 'P26del', 'S371F', 'D614G', 'Q954H', 'R408S', 'Q493R', 'L24del', 'K417N', 'N501Y', 'T376A', 'G142D', 'A27S', 'V213G', 'S704L', 'N679K', 'L452Q', 'D796Y'}","T76I,N481T,M153S,Y473F"
17,BA.2.12.1-2a,BA.2.12.1,"{'N764K', 'S477N', 'N440K', 'H655Y', 'S373P', 'G339D', 'P25del', 'E484A', 'T19I', 'L452R', 'N969K', 'D405N', 'P681H', 'Y505H', 'S375F', 'T478K', 'P26del', 'S371F', 'D614G', 'Q954H', 'R408S', 'Q493R', 'L24del', 'K417N', 'N501Y', 'T376A', 'G142D', 'Q498Y', 'A27S', 'V213G', 'S704L', 'N679K', 'D796Y'}","{'N764K', 'S477N', 'N440K', 'H655Y', 'S373P', 'G339D', 'P25del', 'E484A', 'T19I', 'N969K', 'D405N', 'Q498R', 'Y505H', 'P681H', 'S375F', 'T478K', 'P26del', 'S371F', 'D614G', 'Q954H', 'R408S', 'Q493R', 'L24del', 'K417N', 'N501Y', 'T376A', 'G142D', 'A27S', 'V213G', 'S704L', 'N679K', 'L452Q', 'D796Y'}","L452R,Q498Y"
18,BA.2.12.1-2b,BA.2.12.1,"{'N764K', 'Q493S', 'S477N', 'N440K', 'H655Y', 'S373P', 'G339D', 'P25del', 'E484A', 'T19I', 'L452R', 'N969K', 'D405N', 'Q498R', 'Y505H', 'P681H', 'S375F', 'T478K', 'P26del', 'S371F', 'D614G', 'Q954H', 'R408S', 'L24del', 'K417N', 'N501Y', 'T376A', 'G142D', 'A27S', 'V213G', 'S704L', 'N679K', 'D796Y'}","{'N764K', 'S477N', 'N440K', 'H655Y', 'S373P', 'G339D', 'P25del', 'E484A', 'T19I', 'N969K', 'D405N', 'Q498R', 'Y505H', 'P681H', 'S375F', 'T478K', 'P26del', 'S371F', 'D614G', 'Q954H', 'R408S', 'Q493R', 'L24del', 'K417N', 'N501Y', 'T376A', 'G142D', 'A27S', 'V213G', 'S704L', 'N679K', 'L452Q', 'D796Y'}","L452R,Q493S"
19,BA.2.12.1-2d,BA.2.12.1,"{'N764K', 'S477N', 'N440K', 'H655Y', 'S373P', 'G339D', 'P25del', 'E484A', 'T19I', 'S494R', 'N969K', 'D405N', 'Q498R', 'Y505H', 'P681H', 'S375F', 'T478K', 'P26del', 'S371F', 'D614G', 'Q954H', 'R408S', 'Q493R', 'L24del', 'K417N', 'N501Y', 'T376A', 'G142D', 'A27S', 'V213G', 'S704L', 'N679K', 'L452Q', 'D796Y', 'F490R'}","{'N764K', 'S477N', 'N440K', 'H655Y', 'S373P', 'G339D', 'P25del', 'E484A', 'T19I', 'N969K', 'D405N', 'Q498R', 'Y505H', 'P681H', 'S375F', 'T478K', 'P26del', 'S371F', 'D614G', 'Q954H', 'R408S', 'Q493R', 'L24del', 'K417N', 'N501Y', 'T376A', 'G142D', 'A27S', 'V213G', 'S704L', 'N679K', 'L452Q', 'D796Y'}","F490R,S494R"
20,BA.2.12.1-2e,BA.2.12.1,"{'N764K', 'S477N', 'N440K', 'H655Y', 'S373P', 'G339D', 'P25del', 'E484A', 'T19I', 'S494R', 'N969K', 'D405N', 'Q498R', 'Y505H', 'P681H', 'S375F', 'T478K', 'P26del', 'S371F', 'D614G', 'Q954H', 'R408S', 'Q493R', 'L24del', 'K417N', 'N501Y', 'T376A', 'G142D', 'A27S', 'V213G', 'S704L', 'N679K', 'L452Q', 'D796Y', 'K529L'}","{'N764K', 'S477N', 'N440K', 'H655Y', 'S373P', 'G339D', 'P25del', 'E484A', 'T19I', 'N969K', 'D405N', 'Q498R', 'Y505H', 'P681H', 'S375F', 'T478K', 'P26del', 'S371F', 'D614G', 'Q954H', 'R408S', 'Q493R', 'L24del', 'K417N', 'N501Y', 'T376A', 'G142D', 'A27S', 'V213G', 'S704L', 'N679K', 'L452Q', 'D796Y'}","K529L,S494R"
21,BA.2.12.1-2f,BA.2.12.1,"{'N764K', 'S477N', 'N440K', 'H655Y', 'S373P', 'G339D', 'P25del', 'E484A', 'T19I', 'S494R', 'N969K', 'D405N', 'Q498R', 'Y505H', 'P681H', 'S375F', 'K147N', 'T478K', 'P26del', 'S371F', 'D614G', 'Q954H', 'R408S', 'Q493R', 'L24del', 'K417N', 'N501Y', 'T376A', 'G142D', 'A27S', 'V213G', 'S704L', 'N679K', 'L452Q', 'D796Y'}","{'N764K', 'S477N', 'N440K', 'H655Y', 'S373P', 'G339D', 'P25del', 'E484A', 'T19I', 'N969K', 'D405N', 'Q498R', 'Y505H', 'P681H', 'S375F', 'T478K', 'P26del', 'S371F', 'D614G', 'Q954H', 'R408S', 'Q493R', 'L24del', 'K417N', 'N501Y', 'T376A', 'G142D', 'A27S', 'V213G', 'S704L', 'N679K', 'L452Q', 'D796Y'}","K147N,S494R"
22,BA.2.12.1-2g,BA.2.12.1,"{'N764K', 'S477N', 'N440K', 'H655Y', 'S373P', 'G339D', 'P25del', 'E484A', 'T19I', 'S494R', 'N969K', 'D405N', 'Q498R', 'Y505H', 'P681H', 'S155R', 'S375F', 'T478K', 'P26del', 'S371F', 'D614G', 'Q954H', 'R408S', 'Q493R', 'L24del', 'K417N', 'N501Y', 'T376A', 'G142D', 'A27S', 'V213G', 'S704L', 'N679K', 'L452Q', 'D796Y'}","{'N764K', 'S477N', 'N440K', 'H655Y', 'S373P', 'G339D', 'P25del', 'E484A', 'T19I', 'N969K', 'D405N', 'Q498R', 'Y505H', 'P681H', 'S375F', 'T478K', 'P26del', 'S371F', 'D614G', 'Q954H', 'R408S', 'Q493R', 'L24del', 'K417N', 'N501Y', 'T376A', 'G142D', 'A27S', 'V213G', 'S704L', 'N679K', 'L452Q', 'D796Y'}","S155R,S494R"
23,BA.2.12.1-5a,BA.2.12.1,"{'N764K', 'S477N', 'N440K', 'H655Y', 'S373P', 'G339D', 'P25del', 'E484A', 'T19I', 'S494R', 'N969K', 'D405N', 'P681H', 'Y505H', 'S155R', 'S375F', 'K147N', 'T478K', 'P26del', 'S371F', 'D614G', 'Q954H', 'R408S', 'Q493R', 'L24del', 'K417N', 'N501Y', 'T376A', 'G142D', 'Q498Y', 'A27S', 'V213G', 'S704L', 'N679K', 'L452Q', 'D796Y', 'K529L'}","{'N764K', 'S477N', 'N440K', 'H655Y', 'S373P', 'G339D', 'P25del', 'E484A', 'T19I', 'N969K', 'D405N', 'Q498R', 'Y505H', 'P681H', 'S375F', 'T478K', 'P26del', 'S371F', 'D614G', 'Q954H', 'R408S', 'Q493R', 'L24del', 'K417N', 'N501Y', 'T376A', 'G142D', 'A27S', 'V213G', 'S704L', 'N679K', 'L452Q', 'D796Y'}","K147N,Q498Y,S155R,K529L,S494R"
24,BA.2.12.1-7a,BA.2.12.1,"{'N764K', 'R346T', 'S477N', 'N440K', 'H655Y', 'S373P', 'G339D', 'P25del', 'E484A', 'T19I', 'S494R', 'N969K', 'D405N', 'P681H', 'Y505H', 'S155R', 'S375F', 'K147N', 'T478K', 'P26del', 'S371F', 'D614G', 'Q954H', 'R408S', 'Q493R', 'L24del', 'K417N', 'N501Y', 'T376A', 'G142D', 'Q498Y', 'A27S', 'V213G', 'S704L', 'N679K', 'L452Q', 'D796Y', 'F490R', 'K529L'}","{'N764K', 'S477N', 'N440K', 'H655Y', 'S373P', 'G339D', 'P25del', 'E484A', 'T19I', 'N969K', 'D405N', 'Q498R', 'Y505H', 'P681H', 'S375F', 'T478K', 'P26del', 'S371F', 'D614G', 'Q954H', 'R408S', 'Q493R', 'L24del', 'K417N', 'N501Y', 'T376A', 'G142D', 'A27S', 'V213G', 'S704L', 'N679K', 'L452Q', 'D796Y'}","K147N,R346T,Q498Y,S155R,F490R,K529L,S494R"
25,BA.2.12.1-8a,BA.2.12.1,"{'N764K', 'Q493S', 'S477N', 'N440K', 'H655Y', 'S373P', 'G339D', 'P25del', 'E484A', 'T19I', 'S494R', 'L452R', 'N969K', 'D405N', 'P681H', 'Y505H', 'S155R', 'S375F', 'K147N', 'T478K', 'P26del', 'S371F', 'D614G', 'Q954H', 'R408S', 'L24del', 'K417N', 'N501Y', 'T376A', 'G142D', 'Q498Y', 'A27S', 'V213G', 'S704L', 'N679K', 'D796Y', 'F490R', 'K529L'}","{'N764K', 'S477N', 'N440K', 'H655Y', 'S373P', 'G339D', 'P25del', 'E484A', 'T19I', 'N969K', 'D405N', 'Q498R', 'Y505H', 'P681H', 'S375F', 'T478K', 'P26del', 'S371F', 'D614G', 'Q954H', 'R408S', 'Q493R', 'L24del', 'K417N', 'N501Y', 'T376A', 'G142D', 'A27S', 'V213G', 'S704L', 'N679K', 'L452Q', 'D796Y'}","L452R,K147N,Q493S,Q498Y,S155R,F490R,K529L,S494R"
26,BA.2.12.1-9a,BA.2.12.1,"{'N764K', 'R346T', 'Q493S', 'S477N', 'N440K', 'H655Y', 'S373P', 'G339D', 'P25del', 'E484A', 'T19I', 'S494R', 'L452R', 'N969K', 'D405N', 'P681H', 'Y505H', 'S155R', 'S375F', 'K147N', 'T478K', 'P26del', 'S371F', 'D614G', 'Q954H', 'R408S', 'L24del', 'K417N', 'N501Y', 'T376A', 'G142D', 'Q498Y', 'A27S', 'V213G', 'S704L', 'N679K', 'D796Y', 'F490R', 'K529L'}","{'N764K', 'S477N', 'N440K', 'H655Y', 'S373P', 'G339D', 'P25del', 'E484A', 'T19I', 'N969K', 'D405N', 'Q498R', 'Y505H', 'P681H', 'S375F', 'T478K', 'P26del', 'S371F', 'D614G', 'Q954H', 'R408S', 'Q493R', 'L24del', 'K417N', 'N501Y', 'T376A', 'G142D', 'A27S', 'V213G', 'S704L', 'N679K', 'L452Q', 'D796Y'}","L452R,K147N,R346T,Q493S,Q498Y,S155R,F490R,K529L,S494R"
27,BA.2.12.1,BA.2,"{'N764K', 'S477N', 'N440K', 'H655Y', 'S373P', 'G339D', 'P25del', 'E484A', 'T19I', 'N969K', 'D405N', 'Q498R', 'Y505H', 'P681H', 'S375F', 'T478K', 'P26del', 'S371F', 'D614G', 'Q954H', 'R408S', 'Q493R', 'L24del', 'K417N', 'N501Y', 'T376A', 'G142D', 'A27S', 'V213G', 'S704L', 'N679K', 'L452Q', 'D796Y'}","{'N764K', 'S477N', 'N440K', 'H655Y', 'S373P', 'G339D', 'P25del', 'E484A', 'T19I', 'N969K', 'D405N', 'Q498R', 'Y505H', 'P681H', 'S375F', 'T478K', 'P26del', 'S371F', 'D614G', 'Q954H', 'R408S', 'Q493R', 'L24del', 'K417N', 'N501Y', 'T376A', 'G142D', 'A27S', 'V213G', 'N679K', 'D796Y'}","S704L,L452Q"
28,BA.2.75,BA.2,"{'N764K', 'K147E', 'S477N', 'N440K', 'H655Y', 'S373P', 'G257S', 'P25del', 'E484A', 'G339H', 'T19I', 'N969K', 'D405N', 'I210V', 'Q498R', 'Y505H', 'P681H', 'F157L', 'S375F', 'W152R', 'T478K', 'P26del', 'S371F', 'D614G', 'G446S', 'Q954H', 'R408S', 'L24del', 'K417N', 'N501Y', 'T376A', 'G142D', 'A27S', 'N460K', 'V213G', 'N679K', 'D796Y'}","{'N764K', 'S477N', 'N440K', 'H655Y', 'S373P', 'G339D', 'P25del', 'E484A', 'T19I', 'N969K', 'D405N', 'Q498R', 'Y505H', 'P681H', 'S375F', 'T478K', 'P26del', 'S371F', 'D614G', 'Q954H', 'R408S', 'Q493R', 'L24del', 'K417N', 'N501Y', 'T376A', 'G142D', 'A27S', 'V213G', 'N679K', 'D796Y'}","I210V,K147E,G446S,G257S,N460K,F157L,G339H,W152R"
29,BA.2.75,BA.2.75,"{'N764K', 'K147E', 'S477N', 'N440K', 'H655Y', 'S373P', 'G257S', 'P25del', 'E484A', 'G339H', 'T19I', 'N969K', 'D405N', 'I210V', 'Q498R', 'Y505H', 'P681H', 'F157L', 'S375F', 'W152R', 'T478K', 'P26del', 'S371F', 'D614G', 'G446S', 'Q954H', 'R408S', 'L24del', 'K417N', 'N501Y', 'T376A', 'G142D', 'A27S', 'N460K', 'V213G', 'N679K', 'D796Y'}","{'N764K', 'K147E', 'S477N', 'N440K', 'H655Y', 'S373P', 'G257S', 'P25del', 'E484A', 'G339H', 'T19I', 'N969K', 'D405N', 'I210V', 'Q498R', 'Y505H', 'P681H', 'F157L', 'S375F', 'W152R', 'T478K', 'P26del', 'S371F', 'D614G', 'G446S', 'Q954H', 'R408S', 'L24del', 'K417N', 'N501Y', 'T376A', 'G142D', 'A27S', 'N460K', 'V213G', 'N679K', 'D796Y'}",
30,BA.2.75-2a,BA.2.75,"{'N764K', 'R346T', 'K147E', 'S477N', 'N440K', 'H655Y', 'S373P', 'G257S', 'P25del', 'E484A', 'G339H', 'T19I', 'S494R', 'N969K', 'D405N', 'I210V', 'Q498R', 'Y505H', 'P681H', 'F157L', 'S375F', 'W152R', 'T478K', 'P26del', 'S371F', 'D614G', 'G446S', 'Q954H', 'R408S', 'L24del', 'K417N', 'N501Y', 'T376A', 'G142D', 'A27S', 'N460K', 'V213G', 'N679K', 'D796Y'}","{'N764K', 'K147E', 'S477N', 'N440K', 'H655Y', 'S373P', 'G257S', 'P25del', 'E484A', 'G339H', 'T19I', 'N969K', 'D405N', 'I210V', 'Q498R', 'Y505H', 'P681H', 'F157L', 'S375F', 'W152R', 'T478K', 'P26del', 'S371F', 'D614G', 'G446S', 'Q954H', 'R408S', 'L24del', 'K417N', 'N501Y', 'T376A', 'G142D', 'A27S', 'N460K', 'V213G', 'N679K', 'D796Y'}","R346T,S494R"
31,BA.2.75-2b,BA.2.75,"{'N764K', 'K147E', 'S477N', 'N440K', 'H655Y', 'S373P', 'G339D', 'G257S', 'P25del', 'E484A', 'T19I', 'N969K', 'D405N', 'I210V', 'Q498R', 'Y505H', 'P681H', 'F157L', 'S375F', 'W152R', 'T478K', 'P26del', 'S371F', 'D614G', 'G446S', 'Q954H', 'R408S', 'L24del', 'N501Y', 'T376A', 'G142D', 'A27S', 'N460K', 'V213G', 'N679K', 'D796Y', 'K417V'}","{'N764K', 'K147E', 'S477N', 'N440K', 'H655Y', 'S373P', 'G257S', 'P25del', 'E484A', 'G339H', 'T19I', 'N969K', 'D405N', 'I210V', 'Q498R', 'Y505H', 'P681H', 'F157L', 'S375F', 'W152R', 'T478K', 'P26del', 'S371F', 'D614G', 'G446S', 'Q954H', 'R408S', 'L24del', 'K417N', 'N501Y', 'T376A', 'G142D', 'A27S', 'N460K', 'V213G', 'N679K', 'D796Y'}","G339D,K417V"
32,BA.2.75-3a,BA.2.75,"{'N764K', 'R346T', 'K147E', 'S477N', 'N440K', 'H655Y', 'S373P', 'G257S', 'P25del', 'E484A', 'G339H', 'T19I', 'S494R', 'N969K', 'D405N', 'I210V', 'Q498R', 'Y505H', 'P681H', 'F157L', 'S375F', 'W152R', 'T478K', 'P26del', 'S371F', 'D614G', 'G446S', 'Q954H', 'R408S', 'L24del', 'K417N', 'N501Y', 'T376A', 'G142D', 'A27S', 'N460K', 'V213G', 'N679K', 'D796Y', 'K529L'}","{'N764K', 'K147E', 'S477N', 'N440K', 'H655Y', 'S373P', 'G257S', 'P25del', 'E484A', 'G339H', 'T19I', 'N969K', 'D405N', 'I210V', 'Q498R', 'Y505H', 'P681H', 'F157L', 'S375F', 'W152R', 'T478K', 'P26del', 'S371F', 'D614G', 'G446S', 'Q954H', 'R408S', 'L24del', 'K417N', 'N501Y', 'T376A', 'G142D', 'A27S', 'N460K', 'V213G', 'N679K', 'D796Y'}","R346T,K529L,S494R"
33,BA.2.75-3b,BA.2.75,"{'N764K', 'K147E', 'S477N', 'N440K', 'H655Y', 'S373P', 'G339D', 'G257S', 'P25del', 'E484A', 'T19I', 'N969K', 'D405N', 'I210V', 'Q498R', 'Y505H', 'P681H', 'F157L', 'S375F', 'W152R', 'T478K', 'P26del', 'S371F', 'D614G', 'G446S', 'Q954H', 'R408S', 'Q493R', 'L24del', 'K417N', 'N501Y', 'T376A', 'G142D', 'A27S', 'N460K', 'V213G', 'N679K', 'D796Y', 'K529L'}","{'N764K', 'K147E', 'S477N', 'N440K', 'H655Y', 'S373P', 'G257S', 'P25del', 'E484A', 'G339H', 'T19I', 'N969K', 'D405N', 'I210V', 'Q498R', 'Y505H', 'P681H', 'F157L', 'S375F', 'W152R', 'T478K', 'P26del', 'S371F', 'D614G', 'G446S', 'Q954H', 'R408S', 'L24del', 'K417N', 'N501Y', 'T376A', 'G142D', 'A27S', 'N460K', 'V213G', 'N679K', 'D796Y'}","Q493R,G339D,K529L"
34,BA.2.75-4a,BA.2.75,"{'N764K', 'K147E', 'S477N', 'N440K', 'H655Y', 'S373P', 'G257S', 'P25del', 'E484A', 'G339H', 'T19I', 'N969K', 'D405N', 'I210V', 'Y473F', 'Q498R', 'Y505H', 'P681H', 'M153S', 'F157L', 'W152R', 'S375F', 'T478K', 'P26del', 'S371F', 'D614G', 'G446S', 'Q954H', 'R408S', 'Q493R', 'L24del', 'K417N', 'N501Y', 'T376A', 'G142D', 'A27S', 'N460K', 'T76I', 'V213G', 'N679K', 'D796Y'}","{'N764K', 'K147E', 'S477N', 'N440K', 'H655Y', 'S373P', 'G257S', 'P25del', 'E484A', 'G339H', 'T19I', 'N969K', 'D405N', 'I210V', 'Q498R', 'Y505H', 'P681H', 'F157L', 'S375F', 'W152R', 'T478K', 'P26del', 'S371F', 'D614G', 'G446S', 'Q954H', 'R408S', 'L24del', 'K417N', 'N501Y', 'T376A', 'G142D', 'A27S', 'N460K', 'V213G', 'N679K', 'D796Y'}","Q493R,M153S,Y473F,T76I"
35,BA.2.75-4b,BA.2.75,"{'N764K', 'S477N', 'N440K', 'H655Y', 'S373P', 'G257S', 'P25del', 'E484A', 'G339H', 'T19I', 'L452R', 'N969K', 'D405N', 'I210V', 'Q498R', 'Y505H', 'P681H', 'F157L', 'S375F', 'W152R', 'K147N', 'T478K', 'P26del', 'S371F', 'D614G', 'G446S', 'Q954H', 'R408S', 'Q493R', 'L24del', 'K417N', 'N501Y', 'T376A', 'G142D', 'A27S', 'N460K', 'V213G', 'N679K', 'D796Y', 'K529L'}","{'N764K', 'K147E', 'S477N', 'N440K', 'H655Y', 'S373P', 'G257S', 'P25del', 'E484A', 'G339H', 'T19I', 'N969K', 'D405N', 'I210V', 'Q498R', 'Y505H', 'P681H', 'F157L', 'S375F', 'W152R', 'T478K', 'P26del', 'S371F', 'D614G', 'G446S', 'Q954H', 'R408S', 'L24del', 'K417N', 'N501Y', 'T376A', 'G142D', 'A27S', 'N460K', 'V213G', 'N679K', 'D796Y'}","L452R,K529L,Q493R,K147N"
36,BA.2.75-4c,BA.2.75,"{'N764K', 'K147E', 'S477N', 'N440K', 'H655Y', 'S373P', 'G339D', 'G257S', 'P25del', 'E484A', 'T19I', 'L452R', 'N969K', 'D405N', 'I210V', 'Q498R', 'Y505H', 'P681H', 'F157L', 'S375F', 'W152R', 'T478K', 'P26del', 'S371F', 'D614G', 'G446S', 'Q954H', 'R408S', 'Q493R', 'L24del', 'K417N', 'N501Y', 'T376A', 'G142D', 'A27S', 'N460K', 'V213G', 'N679K', 'D796Y', 'K529L'}","{'N764K', 'K147E', 'S477N', 'N440K', 'H655Y', 'S373P', 'G257S', 'P25del', 'E484A', 'G339H', 'T19I', 'N969K', 'D405N', 'I210V', 'Q498R', 'Y505H', 'P681H', 'F157L', 'S375F', 'W152R', 'T478K', 'P26del', 'S371F', 'D614G', 'G446S', 'Q954H', 'R408S', 'L24del', 'K417N', 'N501Y', 'T376A', 'G142D', 'A27S', 'N460K', 'V213G', 'N679K', 'D796Y'}","L452R,G339D,K529L,Q493R"
37,BA.2.75-4d,BA.2.75,"{'N764K', 'R346T', 'K147E', 'S477N', 'N440K', 'H655Y', 'S373P', 'G339D', 'G257S', 'P25del', 'E484A', 'T19I', 'N969K', 'D405N', 'I210V', 'Q498R', 'Y505H', 'P681H', 'F157L', 'S375F', 'W152R', 'T478K', 'P26del', 'S371F', 'D614G', 'G446S', 'Q954H', 'R408S', 'Q493R', 'L24del', 'K417N', 'N501Y', 'T376A', 'G142D', 'A27S', 'N460K', 'V213G', 'N679K', 'D796Y', 'K529L'}","{'N764K', 'K147E', 'S477N', 'N440K', 'H655Y', 'S373P', 'G257S', 'P25del', 'E484A', 'G339H', 'T19I', 'N969K', 'D405N', 'I210V', 'Q498R', 'Y505H', 'P681H', 'F157L', 'S375F', 'W152R', 'T478K', 'P26del', 'S371F', 'D614G', 'G446S', 'Q954H', 'R408S', 'L24del', 'K417N', 'N501Y', 'T376A', 'G142D', 'A27S', 'N460K', 'V213G', 'N679K', 'D796Y'}","Q493R,G339D,R346T,K529L"
38,BA.2.75-4e,BA.2.75,"{'N764K', 'R346T', 'K147E', 'S477N', 'N440K', 'H655Y', 'S373P', 'G257S', 'P25del', 'E484A', 'G339H', 'T19I', 'L452R', 'N969K', 'D405N', 'I210V', 'Q498R', 'Y505H', 'P681H', 'F157L', 'W152R', 'S375F', 'T478K', 'P26del', 'S371F', 'D614G', 'G446S', 'Q954H', 'R408S', 'L24del', 'K417N', 'N501Y', 'T376A', 'G142D', 'A27S', 'N460K', 'V213G', 'N679K', 'D796Y', 'F490R', 'K529L'}","{'N764K', 'K147E', 'S477N', 'N440K', 'H655Y', 'S373P', 'G257S', 'P25del', 'E484A', 'G339H', 'T19I', 'N969K', 'D405N', 'I210V', 'Q498R', 'Y505H', 'P681H', 'F157L', 'S375F', 'W152R', 'T478K', 'P26del', 'S371F', 'D614G', 'G446S', 'Q954H', 'R408S', 'L24del', 'K417N', 'N501Y', 'T376A', 'G142D', 'A27S', 'N460K', 'V213G', 'N679K', 'D796Y'}","L452R,F490R,R346T,K529L"
39,BA.2.75-5d,BA.2.75,"{'N764K', 'K147E', 'S477N', 'N440K', 'H655Y', 'S373P', 'G257S', 'P25del', 'E484A', 'G339H', 'T19I', 'N969K', 'D405N', 'I210V', 'Y473F', 'Q498R', 'Y505H', 'P681H', 'M153S', 'F157L', 'S375F', 'W152R', 'T478K', 'P26del', 'S371F', 'D614G', 'G446S', 'Q954H', 'R408S', 'Q493R', 'L24del', 'K417N', 'N501Y', 'T376A', 'G142D', 'A27L', 'N460K', 'T76I', 'V213G', 'N679K', 'D796Y'}","{'N764K', 'K147E', 'S477N', 'N440K', 'H655Y', 'S373P', 'G257S', 'P25del', 'E484A', 'G339H', 'T19I', 'N969K', 'D405N', 'I210V', 'Q498R', 'Y505H', 'P681H', 'F157L', 'S375F', 'W152R', 'T478K', 'P26del', 'S371F', 'D614G', 'G446S', 'Q954H', 'R408S', 'L24del', 'K417N', 'N501Y', 'T376A', 'G142D', 'A27S', 'N460K', 'V213G', 'N679K', 'D796Y'}","Y473F,A27L,Q493R,T76I,M153S"
40,BA.2.75-5a,BA.2.75,"{'N764K', 'K147E', 'S477N', 'N440K', 'H655Y', 'S373P', 'G257S', 'P25del', 'N481T', 'E484A', 'G339H', 'T19I', 'N969K', 'D405N', 'I210V', 'Y473F', 'Q498R', 'Y505H', 'P681H', 'M153S', 'F157L', 'W152R', 'S375F', 'T478K', 'P26del', 'S371F', 'D614G', 'G446S', 'Q954H', 'R408S', 'Q493R', 'L24del', 'K417N', 'N501Y', 'T376A', 'G142D', 'A27S', 'N460K', 'T76I', 'V213G', 'N679K', 'D796Y'}","{'N764K', 'K147E', 'S477N', 'N440K', 'H655Y', 'S373P', 'G257S', 'P25del', 'E484A', 'G339H', 'T19I', 'N969K', 'D405N', 'I210V', 'Q498R', 'Y505H', 'P681H', 'F157L', 'S375F', 'W152R', 'T478K', 'P26del', 'S371F', 'D614G', 'G446S', 'Q954H', 'R408S', 'L24del', 'K417N', 'N501Y', 'T376A', 'G142D', 'A27S', 'N460K', 'V213G', 'N679K', 'D796Y'}","Y473F,Q493R,T76I,N481T,M153S"
41,BA.2.75-5b,BA.2.75,"{'N764K', 'R346T', 'S477N', 'N440K', 'H655Y', 'S373P', 'G257S', 'P25del', 'E484A', 'G339H', 'T19I', 'S494R', 'N969K', 'D405N', 'I210V', 'Q498R', 'Y505H', 'P681H', 'K529L', 'F157L', 'S375F', 'W152R', 'K147N', 'T478K', 'P26del', 'S371F', 'D614G', 'G446S', 'Q954H', 'R408S', 'L24del', 'N501Y', 'T376A', 'G142D', 'A27S', 'N460K', 'V213G', 'N679K', 'D796Y', 'K417V'}","{'N764K', 'K147E', 'S477N', 'N440K', 'H655Y', 'S373P', 'G257S', 'P25del', 'E484A', 'G339H', 'T19I', 'N969K', 'D405N', 'I210V', 'Q498R', 'Y505H', 'P681H', 'F157L', 'S375F', 'W152R', 'T478K', 'P26del', 'S371F', 'D614G', 'G446S', 'Q954H', 'R408S', 'L24del', 'K417N', 'N501Y', 'T376A', 'G142D', 'A27S', 'N460K', 'V213G', 'N679K', 'D796Y'}","K147N,R346T,K529L,K417V,S494R"
42,BA.2.75-5c,BA.2.75,"{'N764K', 'S477N', 'N440K', 'H655Y', 'S373P', 'G339D', 'G257S', 'P25del', 'E484A', 'T19I', 'N969K', 'D405N', 'I210V', 'Q498R', 'Y505H', 'P681H', 'K529L', 'F157L', 'S375F', 'W152R', 'K147N', 'T478K', 'P26del', 'S371F', 'D614G', 'G446S', 'Q954H', 'R408S', 'Q493R', 'L24del', 'N501Y', 'T376A', 'G142D', 'A27S', 'N460K', 'V213G', 'N679K', 'D796Y', 'K417V'}","{'N764K', 'K147E', 'S477N', 'N440K', 'H655Y', 'S373P', 'G257S', 'P25del', 'E484A', 'G339H', 'T19I', 'N969K', 'D405N', 'I210V', 'Q498R', 'Y505H', 'P681H', 'F157L', 'S375F', 'W152R', 'T478K', 'P26del', 'S371F', 'D614G', 'G446S', 'Q954H', 'R408S', 'L24del', 'K417N', 'N501Y', 'T376A', 'G142D', 'A27S', 'N460K', 'V213G', 'N679K', 'D796Y'}","K147N,G339D,K529L,Q493R,K417V"
43,BA.2.75-6a,BA.2.75,"{'N764K', 'S477N', 'N440K', 'H655Y', 'S373P', 'G339D', 'G257S', 'P25del', 'E484A', 'T19I', 'L452R', 'N969K', 'D405N', 'I210V', 'Q498R', 'Y505H', 'P681H', 'K529L', 'F157L', 'S375F', 'W152R', 'K147N', 'T478K', 'P26del', 'S371F', 'D614G', 'G446S', 'Q954H', 'R408S', 'Q493R', 'L24del', 'N501Y', 'T376A', 'G142D', 'A27S', 'N460K', 'V213G', 'N679K', 'D796Y', 'K417V'}","{'N764K', 'K147E', 'S477N', 'N440K', 'H655Y', 'S373P', 'G257S', 'P25del', 'E484A', 'G339H', 'T19I', 'N969K', 'D405N', 'I210V', 'Q498R', 'Y505H', 'P681H', 'F157L', 'S375F', 'W152R', 'T478K', 'P26del', 'S371F', 'D614G', 'G446S', 'Q954H', 'R408S', 'L24del', 'K417N', 'N501Y', 'T376A', 'G142D', 'A27S', 'N460K', 'V213G', 'N679K', 'D796Y'}","L452R,K147N,G339D,Q493R,K417V,K529L"
44,BA.2.75-6b,BA.2.75,"{'N764K', 'R346T', 'S477N', 'N440K', 'H655Y', 'S373P', 'G339D', 'G257S', 'P25del', 'E484A', 'T19I', 'N969K', 'D405N', 'I210V', 'Q498R', 'Y505H', 'P681H', 'K529L', 'F157L', 'S375F', 'W152R', 'K147N', 'T478K', 'P26del', 'S371F', 'D614G', 'G446S', 'Q954H', 'R408S', 'Q493R', 'L24del', 'N501Y', 'T376A', 'G142D', 'A27S', 'N460K', 'V213G', 'N679K', 'D796Y', 'K417V'}","{'N764K', 'K147E', 'S477N', 'N440K', 'H655Y', 'S373P', 'G257S', 'P25del', 'E484A', 'G339H', 'T19I', 'N969K', 'D405N', 'I210V', 'Q498R', 'Y505H', 'P681H', 'F157L', 'S375F', 'W152R', 'T478K', 'P26del', 'S371F', 'D614G', 'G446S', 'Q954H', 'R408S', 'L24del', 'K417N', 'N501Y', 'T376A', 'G142D', 'A27S', 'N460K', 'V213G', 'N679K', 'D796Y'}","K147N,R346T,G339D,Q493R,K417V,K529L"
45,BA.2.75-6c,BA.2.75,"{'N764K', 'R346T', 'S477N', 'N440K', 'H655Y', 'S373P', 'G257S', 'P25del', 'E484A', 'G339H', 'T19I', 'L452R', 'N969K', 'D405N', 'I210V', 'Q498R', 'Y505H', 'P681H', 'K529L', 'F157L', 'S375F', 'W152R', 'K147N', 'T478K', 'P26del', 'S371F', 'D614G', 'G446S', 'Q954H', 'R408S', 'L24del', 'N501Y', 'T376A', 'G142D', 'A27S', 'N460K', 'V213G', 'N679K', 'D796Y', 'F490R', 'K417V'}","{'N764K', 'K147E', 'S477N', 'N440K', 'H655Y', 'S373P', 'G257S', 'P25del', 'E484A', 'G339H', 'T19I', 'N969K', 'D405N', 'I210V', 'Q498R', 'Y505H', 'P681H', 'F157L', 'S375F', 'W152R', 'T478K', 'P26del', 'S371F', 'D614G', 'G446S', 'Q954H', 'R408S', 'L24del', 'K417N', 'N501Y', 'T376A', 'G142D', 'A27S', 'N460K', 'V213G', 'N679K', 'D796Y'}","L452R,K147N,R346T,K417V,F490R,K529L"
46,BA.2.75-8a,BA.2.75,"{'N764K', 'R346T', 'K147E', 'S477N', 'N440K', 'Q493S', 'H655Y', 'S373P', 'G257S', 'P25del', 'E484A', 'G339H', 'T19I', 'S494R', 'L452R', 'N969K', 'D405N', 'I210V', 'P681H', 'Y505H', 'S155R', 'F157L', 'S375F', 'W152R', 'T478K', 'P26del', 'S371F', 'D614G', 'G446S', 'Q954H', 'R408S', 'L24del', 'K417N', 'N501Y', 'T376A', 'G142D', 'Q498Y', 'A27S', 'N460K', 'V213G', 'N679K', 'D796Y', 'F490R', 'K529L'}","{'N764K', 'K147E', 'S477N', 'N440K', 'H655Y', 'S373P', 'G257S', 'P25del', 'E484A', 'G339H', 'T19I', 'N969K', 'D405N', 'I210V', 'Q498R', 'Y505H', 'P681H', 'F157L', 'S375F', 'W152R', 'T478K', 'P26del', 'S371F', 'D614G', 'G446S', 'Q954H', 'R408S', 'L24del', 'K417N', 'N501Y', 'T376A', 'G142D', 'A27S', 'N460K', 'V213G', 'N679K', 'D796Y'}","L452R,R346T,Q493S,Q498Y,S155R,F490R,K529L,S494R"
47,BA.2.75-9a,BA.2.75,"{'N764K', 'R346T', 'Q493S', 'S477N', 'N440K', 'H655Y', 'S373P', 'G257S', 'P25del', 'E484A', 'G339H', 'T19I', 'S494R', 'L452R', 'N969K', 'D405N', 'I210V', 'P681H', 'Y505H', 'S155R', 'F157L', 'S375F', 'W152R', 'K147N', 'T478K', 'P26del', 'S371F', 'D614G', 'G446S', 'Q954H', 'R408S', 'L24del', 'K417N', 'N501Y', 'T376A', 'G142D', 'Q498Y', 'A27S', 'N460K', 'V213G', 'N679K', 'D796Y', 'F490R', 'K529L'}","{'N764K', 'K147E', 'S477N', 'N440K', 'H655Y', 'S373P', 'G257S', 'P25del', 'E484A', 'G339H', 'T19I', 'N969K', 'D405N', 'I210V', 'Q498R', 'Y505H', 'P681H', 'F157L', 'S375F', 'W152R', 'T478K', 'P26del', 'S371F', 'D614G', 'G446S', 'Q954H', 'R408S', 'L24del', 'K417N', 'N501Y', 'T376A', 'G142D', 'A27S', 'N460K', 'V213G', 'N679K', 'D796Y'}","L452R,K147N,R346T,Q493S,Q498Y,S155R,F490R,K529L,S494R"
48,XBB,BA.2.75,"{'N764K', 'R346T', 'S477N', 'N440K', 'H655Y', 'S373P', 'P25del', 'E484A', 'V445P', 'G339H', 'T19I', 'N969K', 'D405N', 'Y144del', 'F486S', 'Q498R', 'Y505H', 'V213E', 'P681H', 'S375F', 'T478K', 'P26del', 'S371F', 'D614G', 'H146Q', 'G446S', 'R408S', 'Q954H', 'L24del', 'V83A', 'K417N', 'N501Y', 'T376A', 'G142D', 'A27S', 'Q183E', 'L368I', 'N460K', 'F490S', 'N679K', 'D796Y'}","{'N764K', 'K147E', 'S477N', 'N440K', 'H655Y', 'S373P', 'G257S', 'P25del', 'E484A', 'G339H', 'T19I', 'N969K', 'D405N', 'I210V', 'Q498R', 'Y505H', 'P681H', 'F157L', 'S375F', 'W152R', 'T478K', 'P26del', 'S371F', 'D614G', 'G446S', 'Q954H', 'R408S', 'L24del', 'K417N', 'N501Y', 'T376A', 'G142D', 'A27S', 'N460K', 'V213G', 'N679K', 'D796Y'}","Y144del,R346T,F486S,V213E,H146Q,Q183E,L368I,F490S,V83A,V445P"
49,CH.1.1,BA.2.75,"{'N764K', 'R346T', 'K147E', 'S477N', 'N440K', 'H655Y', 'S373P', 'G257S', 'P25del', 'E484A', 'G339H', 'T19I', 'L452R', 'N969K', 'D405N', 'I210V', 'F486S', 'Q498R', 'Y505H', 'P681H', 'F157L', 'S375F', 'W152R', 'T478K', 'P26del', 'S371F', 'D614G', 'G446S', 'Q954H', 'R408S', 'L24del', 'K417N', 'N501Y', 'T376A', 'G142D', 'A27S', 'N460K', 'V213G', 'K444T', 'N679K', 'D796Y'}","{'N764K', 'K147E', 'S477N', 'N440K', 'H655Y', 'S373P', 'G257S', 'P25del', 'E484A', 'G339H', 'T19I', 'N969K', 'D405N', 'I210V', 'Q498R', 'Y505H', 'P681H', 'F157L', 'S375F', 'W152R', 'T478K', 'P26del', 'S371F', 'D614G', 'G446S', 'Q954H', 'R408S', 'L24del', 'K417N', 'N501Y', 'T376A', 'G142D', 'A27S', 'N460K', 'V213G', 'N679K', 'D796Y'}","L452R,K444T,R346T,F486S"
50,XBB,XBB,"{'N764K', 'R346T', 'S477N', 'N440K', 'H655Y', 'S373P', 'P25del', 'E484A', 'V445P', 'G339H', 'T19I', 'N969K', 'D405N', 'Y144del', 'F486S', 'Q498R', 'Y505H', 'V213E', 'P681H', 'S375F', 'T478K', 'P26del', 'S371F', 'D614G', 'H146Q', 'G446S', 'R408S', 'Q954H', 'L24del', 'V83A', 'K417N', 'N501Y', 'T376A', 'G142D', 'A27S', 'Q183E', 'L368I', 'N460K', 'F490S', 'N679K', 'D796Y'}","{'N764K', 'R346T', 'S477N', 'N440K', 'H655Y', 'S373P', 'P25del', 'E484A', 'V445P', 'G339H', 'T19I', 'N969K', 'D405N', 'Y144del', 'F486S', 'Q498R', 'Y505H', 'V213E', 'P681H', 'S375F', 'T478K', 'P26del', 'S371F', 'D614G', 'H146Q', 'G446S', 'R408S', 'Q954H', 'L24del', 'V83A', 'K417N', 'N501Y', 'T376A', 'G142D', 'A27S', 'Q183E', 'L368I', 'N460K', 'F490S', 'N679K', 'D796Y'}",
51,XBB-1a,XBB,"{'N764K', 'R346T', 'S477N', 'N440K', 'H655Y', 'S373P', 'P25del', 'E484A', 'V445P', 'G339H', 'T19I', 'S494R', 'N969K', 'D405N', 'Y144del', 'F486S', 'Q498R', 'Y505H', 'V213E', 'P681H', 'S375F', 'T478K', 'P26del', 'S371F', 'D614G', 'H146Q', 'G446S', 'R408S', 'Q954H', 'L24del', 'V83A', 'K417N', 'N501Y', 'T376A', 'G142D', 'A27S', 'Q183E', 'L368I', 'N460K', 'F490S', 'N679K', 'D796Y'}","{'N764K', 'R346T', 'S477N', 'N440K', 'H655Y', 'S373P', 'P25del', 'E484A', 'V445P', 'G339H', 'T19I', 'N969K', 'D405N', 'Y144del', 'F486S', 'Q498R', 'Y505H', 'V213E', 'P681H', 'S375F', 'T478K', 'P26del', 'S371F', 'D614G', 'H146Q', 'G446S', 'R408S', 'Q954H', 'L24del', 'V83A', 'K417N', 'N501Y', 'T376A', 'G142D', 'A27S', 'Q183E', 'L368I', 'N460K', 'F490S', 'N679K', 'D796Y'}",S494R
52,XBB-5a,XBB,"{'N764K', 'R346T', 'S477N', 'N440K', 'H655Y', 'S373P', 'P25del', 'E484A', 'V445P', 'G339H', 'T19I', 'N969K', 'D405N', 'Y144del', 'Y473F', 'F486S', 'Q498R', 'Y505H', 'V213E', 'P681H', 'M153S', 'S375F', 'T478K', 'P26del', 'S371F', 'D614G', 'H146Q', 'G446S', 'R408S', 'Q954H', 'Q493R', 'L24del', 'V83A', 'K417N', 'N501Y', 'T376A', 'G142D', 'Q183E', 'A27L', 'L368I', 'T76I', 'N460K', 'F490S', 'N679K', 'D796Y'}","{'N764K', 'R346T', 'S477N', 'N440K', 'H655Y', 'S373P', 'P25del', 'E484A', 'V445P', 'G339H', 'T19I', 'N969K', 'D405N', 'Y144del', 'F486S', 'Q498R', 'Y505H', 'V213E', 'P681H', 'S375F', 'T478K', 'P26del', 'S371F', 'D614G', 'H146Q', 'G446S', 'R408S', 'Q954H', 'L24del', 'V83A', 'K417N', 'N501Y', 'T376A', 'G142D', 'A27S', 'Q183E', 'L368I', 'N460K', 'F490S', 'N679K', 'D796Y'}","Y473F,A27L,Q493R,T76I,M153S"
53,XBB-5b,XBB,"{'N764K', 'R346T', 'S477N', 'N440K', 'H655Y', 'S373P', 'P25del', 'N481T', 'E484A', 'V445P', 'G339H', 'T19I', 'N969K', 'D405N', 'Y144del', 'Y473F', 'F486S', 'Q498R', 'Y505H', 'V213E', 'P681H', 'M153S', 'S375F', 'T478K', 'P26del', 'S371F', 'D614G', 'H146Q', 'G446S', 'R408S', 'Q954H', 'Q493R', 'L24del', 'V83A', 'K417N', 'N501Y', 'T376A', 'G142D', 'A27S', 'Q183E', 'L368I', 'N460K', 'T76I', 'F490S', 'N679K', 'D796Y'}","{'N764K', 'R346T', 'S477N', 'N440K', 'H655Y', 'S373P', 'P25del', 'E484A', 'V445P', 'G339H', 'T19I', 'N969K', 'D405N', 'Y144del', 'F486S', 'Q498R', 'Y505H', 'V213E', 'P681H', 'S375F', 'T478K', 'P26del', 'S371F', 'D614G', 'H146Q', 'G446S', 'R408S', 'Q954H', 'L24del', 'V83A', 'K417N', 'N501Y', 'T376A', 'G142D', 'A27S', 'Q183E', 'L368I', 'N460K', 'F490S', 'N679K', 'D796Y'}","Y473F,Q493R,T76I,N481T,M153S"
54,XBB-2a,XBB,"{'N764K', 'R346T', 'S477N', 'N440K', 'H655Y', 'S373P', 'G339D', 'P25del', 'E484A', 'V445P', 'T19I', 'N969K', 'D405N', 'Y144del', 'F486S', 'Q498R', 'Y505H', 'P681H', 'S375F', 'T478K', 'P26del', 'S371F', 'D614G', 'H146Q', 'G446S', 'R408S', 'Q954H', 'L24del', 'V83A', 'K417N', 'N501Y', 'T376A', 'G142D', 'A27S', 'Q183E', 'L368I', 'N460K', 'V213G', 'F490S', 'N679K', 'D796Y'}","{'N764K', 'R346T', 'S477N', 'N440K', 'H655Y', 'S373P', 'P25del', 'E484A', 'V445P', 'G339H', 'T19I', 'N969K', 'D405N', 'Y144del', 'F486S', 'Q498R', 'Y505H', 'V213E', 'P681H', 'S375F', 'T478K', 'P26del', 'S371F', 'D614G', 'H146Q', 'G446S', 'R408S', 'Q954H', 'L24del', 'V83A', 'K417N', 'N501Y', 'T376A', 'G142D', 'A27S', 'Q183E', 'L368I', 'N460K', 'F490S', 'N679K', 'D796Y'}","V213G,G339D"
55,XBB-3a,XBB,"{'N764K', 'R346T', 'S477N', 'N440K', 'H655Y', 'S373P', 'G339D', 'P25del', 'E484A', 'T19I', 'N969K', 'D405N', 'Y144del', 'F486S', 'Q498R', 'Y505H', 'P681H', 'S375F', 'T478K', 'P26del', 'S371F', 'D614G', 'H146Q', 'G446S', 'R408S', 'Q954H', 'L24del', 'V83A', 'K417N', 'N501Y', 'T376A', 'G142D', 'A27S', 'Q183E', 'L368I', 'N460K', 'V213G', 'V445E', 'F490S', 'N679K', 'D796Y'}","{'N764K', 'R346T', 'S477N', 'N440K', 'H655Y', 'S373P', 'P25del', 'E484A', 'V445P', 'G339H', 'T19I', 'N969K', 'D405N', 'Y144del', 'F486S', 'Q498R', 'Y505H', 'V213E', 'P681H', 'S375F', 'T478K', 'P26del', 'S371F', 'D614G', 'H146Q', 'G446S', 'R408S', 'Q954H', 'L24del', 'V83A', 'K417N', 'N501Y', 'T376A', 'G142D', 'A27S', 'Q183E', 'L368I', 'N460K', 'F490S', 'N679K', 'D796Y'}","V213G,V445E,G339D"
56,XBB-4a,XBB,"{'N764K', 'R346T', 'S477N', 'N440K', 'H655Y', 'S373P', 'G339D', 'P25del', 'E484A', 'T19I', 'N969K', 'D405N', 'Y144del', 'F486S', 'Q498R', 'Y505H', 'P681H', 'Q183V', 'S375F', 'T478K', 'P26del', 'S371F', 'D614G', 'H146Q', 'G446S', 'R408S', 'Q954H', 'L24del', 'V83A', 'K417N', 'N501Y', 'T376A', 'G142D', 'A27S', 'L368I', 'N460K', 'V213G', 'V445E', 'F490S', 'N679K', 'D796Y'}","{'N764K', 'R346T', 'S477N', 'N440K', 'H655Y', 'S373P', 'P25del', 'E484A', 'V445P', 'G339H', 'T19I', 'N969K', 'D405N', 'Y144del', 'F486S', 'Q498R', 'Y505H', 'V213E', 'P681H', 'S375F', 'T478K', 'P26del', 'S371F', 'D614G', 'H146Q', 'G446S', 'R408S', 'Q954H', 'L24del', 'V83A', 'K417N', 'N501Y', 'T376A', 'G142D', 'A27S', 'Q183E', 'L368I', 'N460K', 'F490S', 'N679K', 'D796Y'}","V213G,V445E,G339D,Q183V"
57,XBB-5c,XBB,"{'N764K', 'R346T', 'S477N', 'N440K', 'H655Y', 'S373P', 'P25del', 'E484A', 'V445P', 'G339H', 'T19I', 'L452R', 'N969K', 'D405N', 'Y144del', 'F486S', 'Q498R', 'Y505H', 'V213E', 'P681H', 'S155R', 'S375F', 'K147N', 'T478K', 'P26del', 'S371F', 'D614G', 'H146Q', 'G446S', 'R408S', 'Q954H', 'Q493R', 'L24del', 'V83A', 'K417N', 'N501Y', 'T376A', 'G142D', 'A27S', 'Q183E', 'L368I', 'N460K', 'F490S', 'N679K', 'D796Y', 'K529L'}","{'N764K', 'R346T', 'S477N', 'N440K', 'H655Y', 'S373P', 'P25del', 'E484A', 'V445P', 'G339H', 'T19I', 'N969K', 'D405N', 'Y144del', 'F486S', 'Q498R', 'Y505H', 'V213E', 'P681H', 'S375F', 'T478K', 'P26del', 'S371F', 'D614G', 'H146Q', 'G446S', 'R408S', 'Q954H', 'L24del', 'V83A', 'K417N', 'N501Y', 'T376A', 'G142D', 'A27S', 'Q183E', 'L368I', 'N460K', 'F490S', 'N679K', 'D796Y'}","L452R,K147N,S155R,Q493R,K529L"
58,XBB-6a,XBB,"{'N764K', 'S477N', 'N440K', 'H655Y', 'S373P', 'P25del', 'E484A', 'V445P', 'G339H', 'T19I', 'L452R', 'N969K', 'D405N', 'Y144del', 'F486S', 'Q498R', 'Y505H', 'V213E', 'P681H', 'S155R', 'S375F', 'K147N', 'T478K', 'P26del', 'S371F', 'D614G', 'H146Q', 'G446S', 'R408S', 'Q954H', 'Q493R', 'L24del', 'V83A', 'K417N', 'N501Y', 'T376A', 'G142D', 'R346K', 'A27S', 'Q183E', 'L368I', 'N460K', 'F490S', 'N679K', 'D796Y', 'K529L'}","{'N764K', 'R346T', 'S477N', 'N440K', 'H655Y', 'S373P', 'P25del', 'E484A', 'V445P', 'G339H', 'T19I', 'N969K', 'D405N', 'Y144del', 'F486S', 'Q498R', 'Y505H', 'V213E', 'P681H', 'S375F', 'T478K', 'P26del', 'S371F', 'D614G', 'H146Q', 'G446S', 'R408S', 'Q954H', 'L24del', 'V83A', 'K417N', 'N501Y', 'T376A', 'G142D', 'A27S', 'Q183E', 'L368I', 'N460K', 'F490S', 'N679K', 'D796Y'}","L452R,K147N,R346K,S155R,Q493R,K529L"
59,XBB-8a,XBB,"{'N764K', 'S477N', 'N440K', 'H655Y', 'S373P', 'G339D', 'P25del', 'E484A', 'V445P', 'T19I', 'L452R', 'N969K', 'D405N', 'Y144del', 'F486S', 'Q498R', 'Y505H', 'P681H', 'S155R', 'S375F', 'K147N', 'T478K', 'P26del', 'S371F', 'D614G', 'H146Q', 'G446S', 'R408S', 'Q954H', 'Q493R', 'L24del', 'V83A', 'K417N', 'N501Y', 'T376A', 'G142D', 'R346K', 'A27S', 'Q183E', 'L368I', 'N460K', 'V213G', 'F490S', 'N679K', 'D796Y', 'K529L'}","{'N764K', 'R346T', 'S477N', 'N440K', 'H655Y', 'S373P', 'P25del', 'E484A', 'V445P', 'G339H', 'T19I', 'N969K', 'D405N', 'Y144del', 'F486S', 'Q498R', 'Y505H', 'V213E', 'P681H', 'S375F', 'T478K', 'P26del', 'S371F', 'D614G', 'H146Q', 'G446S', 'R408S', 'Q954H', 'L24del', 'V83A', 'K417N', 'N501Y', 'T376A', 'G142D', 'A27S', 'Q183E', 'L368I', 'N460K', 'F490S', 'N679K', 'D796Y'}","L452R,K147N,R346K,G339D,S155R,Q493R,V213G,K529L"
60,XBB-8b,XBB,"{'N764K', 'R346T', 'S477N', 'N440K', 'H655Y', 'S373P', 'G339D', 'P25del', 'E484A', 'T19I', 'L452R', 'N969K', 'D405N', 'Y144del', 'F486S', 'Q498R', 'Y505H', 'P681H', 'S155R', 'S375F', 'K147N', 'T478K', 'P26del', 'S371F', 'D614G', 'H146Q', 'G446S', 'R408S', 'Q954H', 'Q493R', 'L24del', 'V83A', 'K417N', 'N501Y', 'T376A', 'G142D', 'A27S', 'Q183E', 'L368I', 'N460K', 'V213G', 'V445E', 'F490S', 'N679K', 'D796Y', 'K529L'}","{'N764K', 'R346T', 'S477N', 'N440K', 'H655Y', 'S373P', 'P25del', 'E484A', 'V445P', 'G339H', 'T19I', 'N969K', 'D405N', 'Y144del', 'F486S', 'Q498R', 'Y505H', 'V213E', 'P681H', 'S375F', 'T478K', 'P26del', 'S371F', 'D614G', 'H146Q', 'G446S', 'R408S', 'Q954H', 'L24del', 'V83A', 'K417N', 'N501Y', 'T376A', 'G142D', 'A27S', 'Q183E', 'L368I', 'N460K', 'F490S', 'N679K', 'D796Y'}","L452R,K147N,G339D,S155R,Q493R,V213G,V445E,K529L"
61,XBB-9a,XBB,"{'N764K', 'S477N', 'N440K', 'H655Y', 'S373P', 'G339D', 'P25del', 'E484A', 'V445P', 'T19R', 'L452R', 'N969K', 'D405N', 'Y144del', 'F486S', 'Q498R', 'Y505H', 'P681H', 'S155R', 'S375F', 'K147N', 'T478K', 'P26del', 'S371F', 'D614G', 'H146Q', 'G446S', 'R408S', 'Q954H', 'Q493R', 'L24del', 'V83A', 'K417N', 'N501Y', 'T376A', 'G142D', 'R346K', 'A27S', 'Q183E', 'L368I', 'N460K', 'V213G', 'F490S', 'N679K', 'D796Y', 'K529L'}","{'N764K', 'R346T', 'S477N', 'N440K', 'H655Y', 'S373P', 'P25del', 'E484A', 'V445P', 'G339H', 'T19I', 'N969K', 'D405N', 'Y144del', 'F486S', 'Q498R', 'Y505H', 'V213E', 'P681H', 'S375F', 'T478K', 'P26del', 'S371F', 'D614G', 'H146Q', 'G446S', 'R408S', 'Q954H', 'L24del', 'V83A', 'K417N', 'N501Y', 'T376A', 'G142D', 'A27S', 'Q183E', 'L368I', 'N460K', 'F490S', 'N679K', 'D796Y'}","L452R,K147N,R346K,G339D,S155R,Q493R,V213G,K529L,T19R"
62,XBB-9b,XBB,"{'N764K', 'S477N', 'N440K', 'H655Y', 'S373P', 'G339D', 'P25del', 'E484A', 'V445P', 'T19I', 'L452R', 'N969K', 'D405N', 'Y144del', 'F486S', 'Q498R', 'Y505H', 'P681H', 'S155R', 'Q183V', 'S375F', 'K147N', 'T478K', 'P26del', 'S371F', 'D614G', 'H146Q', 'G446S', 'R408S', 'Q954H', 'Q493R', 'L24del', 'V83A', 'K417N', 'N501Y', 'T376A', 'G142D', 'R346K', 'A27S', 'L368I', 'N460K', 'V213G', 'F490S', 'N679K', 'D796Y', 'K529L'}","{'N764K', 'R346T', 'S477N', 'N440K', 'H655Y', 'S373P', 'P25del', 'E484A', 'V445P', 'G339H', 'T19I', 'N969K', 'D405N', 'Y144del', 'F486S', 'Q498R', 'Y505H', 'V213E', 'P681H', 'S375F', 'T478K', 'P26del', 'S371F', 'D614G', 'H146Q', 'G446S', 'R408S', 'Q954H', 'L24del', 'V83A', 'K417N', 'N501Y', 'T376A', 'G142D', 'A27S', 'Q183E', 'L368I', 'N460K', 'F490S', 'N679K', 'D796Y'}","L452R,K147N,R346K,G339D,S155R,Q493R,V213G,Q183V,K529L"
63,XBB-10a,XBB,"{'N764K', 'S477N', 'N440K', 'H655Y', 'S373P', 'G339D', 'P25del', 'E484A', 'T19R', 'L452R', 'N969K', 'D405N', 'Y144del', 'F486S', 'Q498R', 'Y505H', 'P681H', 'S155R', 'S375F', 'K147N', 'T478K', 'P26del', 'S371F', 'D614G', 'H146Q', 'G446S', 'R408S', 'Q954H', 'Q493R', 'L24del', 'V83A', 'K417N', 'N501Y', 'T376A', 'G142D', 'R346K', 'A27S', 'Q183E', 'L368I', 'N460K', 'V213G', 'V445E', 'F490S', 'N679K', 'D796Y', 'K529L'}","{'N764K', 'R346T', 'S477N', 'N440K', 'H655Y', 'S373P', 'P25del', 'E484A', 'V445P', 'G339H', 'T19I', 'N969K', 'D405N', 'Y144del', 'F486S', 'Q498R', 'Y505H', 'V213E', 'P681H', 'S375F', 'T478K', 'P26del', 'S371F', 'D614G', 'H146Q', 'G446S', 'R408S', 'Q954H', 'L24del', 'V83A', 'K417N', 'N501Y', 'T376A', 'G142D', 'A27S', 'Q183E', 'L368I', 'N460K', 'F490S', 'N679K', 'D796Y'}","L452R,K147N,R346K,G339D,S155R,Q493R,V213G,V445E,K529L,T19R"
64,XBB-10b,XBB,"{'N764K', 'S477N', 'N440K', 'H655Y', 'S373P', 'G339D', 'P25del', 'E484A', 'V445P', 'T19R', 'L452R', 'N969K', 'D405N', 'Y144del', 'F486S', 'Q498R', 'Y505H', 'P681H', 'S155R', 'Q183V', 'S375F', 'K147N', 'T478K', 'P26del', 'S371F', 'D614G', 'H146Q', 'G446S', 'R408S', 'Q954H', 'Q493R', 'L24del', 'V83A', 'K417N', 'N501Y', 'T376A', 'G142D', 'R346K', 'A27S', 'L368I', 'N460K', 'V213G', 'F490S', 'N679K', 'D796Y', 'K529L'}","{'N764K', 'R346T', 'S477N', 'N440K', 'H655Y', 'S373P', 'P25del', 'E484A', 'V445P', 'G339H', 'T19I', 'N969K', 'D405N', 'Y144del', 'F486S', 'Q498R', 'Y505H', 'V213E', 'P681H', 'S375F', 'T478K', 'P26del', 'S371F', 'D614G', 'H146Q', 'G446S', 'R408S', 'Q954H', 'L24del', 'V83A', 'K417N', 'N501Y', 'T376A', 'G142D', 'A27S', 'Q183E', 'L368I', 'N460K', 'F490S', 'N679K', 'D796Y'}","L452R,K147N,R346K,G339D,S155R,Q493R,V213G,Q183V,K529L,T19R"
65,XBB.1,XBB,"{'N764K', 'R346T', 'S477N', 'N440K', 'H655Y', 'S373P', 'P25del', 'E484A', 'V445P', 'G339H', 'T19I', 'N969K', 'D405N', 'Y144del', 'F486S', 'Q498R', 'Y505H', 'V213E', 'P681H', 'S375F', 'T478K', 'G252V', 'P26del', 'S371F', 'D614G', 'H146Q', 'G446S', 'R408S', 'Q954H', 'L24del', 'V83A', 'K417N', 'N501Y', 'T376A', 'G142D', 'A27S', 'Q183E', 'L368I', 'N460K', 'F490S', 'N679K', 'D796Y'}","{'N764K', 'R346T', 'S477N', 'N440K', 'H655Y', 'S373P', 'P25del', 'E484A', 'V445P', 'G339H', 'T19I', 'N969K', 'D405N', 'Y144del', 'F486S', 'Q498R', 'Y505H', 'V213E', 'P681H', 'S375F', 'T478K', 'P26del', 'S371F', 'D614G', 'H146Q', 'G446S', 'R408S', 'Q954H', 'L24del', 'V83A', 'K417N', 'N501Y', 'T376A', 'G142D', 'A27S', 'Q183E', 'L368I', 'N460K', 'F490S', 'N679K', 'D796Y'}",G252V
66,BQ.1.1,BQ.1,"{'N764K', 'R346T', 'S477N', 'N440K', 'H655Y', 'S373P', 'G339D', 'P25del', 'E484A', 'T19I', 'L452R', 'N969K', 'D405N', 'Q498R', 'Y505H', 'P681H', 'H69del', 'S375F', 'T478K', 'P26del', 'S371F', 'D614G', 'Q954H', 'R408S', 'L24del', 'K417N', 'V70del', 'N501Y', 'T376A', 'G142D', 'F486V', 'A27S', 'N460K', 'V213G', 'K444T', 'N679K', 'D796Y'}","{'N764K', 'S477N', 'N440K', 'H655Y', 'S373P', 'G339D', 'P25del', 'E484A', 'T19I', 'L452R', 'N969K', 'D405N', 'Q498R', 'Y505H', 'P681H', 'H69del', 'S375F', 'T478K', 'P26del', 'S371F', 'D614G', 'Q954H', 'R408S', 'L24del', 'K417N', 'V70del', 'N501Y', 'T376A', 'G142D', 'F486V', 'A27S', 'N460K', 'V213G', 'K444T', 'N679K', 'D796Y'}",R346T
67,XBB.1.5,XBB.1,"{'N764K', 'R346T', 'S477N', 'N440K', 'H655Y', 'S373P', 'P25del', 'E484A', 'V445P', 'G339H', 'T19I', 'N969K', 'D405N', 'Y144del', 'Q498R', 'Y505H', 'V213E', 'P681H', 'F486P', 'S375F', 'T478K', 'G252V', 'P26del', 'S371F', 'D614G', 'H146Q', 'G446S', 'R408S', 'Q954H', 'L24del', 'V83A', 'K417N', 'N501Y', 'T376A', 'G142D', 'A27S', 'Q183E', 'L368I', 'N460K', 'F490S', 'N679K', 'D796Y'}","{'N764K', 'R346T', 'S477N', 'N440K', 'H655Y', 'S373P', 'P25del', 'E484A', 'V445P', 'G339H', 'T19I', 'N969K', 'D405N', 'Y144del', 'F486S', 'Q498R', 'Y505H', 'V213E', 'P681H', 'S375F', 'T478K', 'G252V', 'P26del', 'S371F', 'D614G', 'H146Q', 'G446S', 'R408S', 'Q954H', 'L24del', 'V83A', 'K417N', 'N501Y', 'T376A', 'G142D', 'A27S', 'Q183E', 'L368I', 'N460K', 'F490S', 'N679K', 'D796Y'}",F486P
